Timestamp for sample frequency every 15 min min,Temperature_Fahrenheit,Relative_Humidity
2025-11-08 12:00:00,64.4,48
2025-11-08 12:15:00,64.04,49.4
2025-11-08 12:30:00,63.86,47.7
2025-11-08 12:45:00,64.4,47.2
2025-11-08 13:00:00,63.86,47.7
2025-11-08 13:15:00,63.32,48.5
2025-11-08 13:30:00,65.3,47.6
2025-11-08 13:45:00,64.04,47.3
2025-11-08 14:00:00,62.78,64.2
2025-11-08 14:15:00,61.34,67.6
2025-11-08 14:30:00,60.44,69.8
2025-11-08 14:45:00,60.08,71.2
2025-11-08 15:00:00,59.9,72.1
2025-11-08 15:15:00,59.72,73
2025-11-08 15:30:00,59.54,73.5
2025-11-08 15:45:00,59.54,74.2
2025-11-08 16:00:00,59.36,74.1
2025-11-08 16:15:00,59.18,73.8
2025-11-08 16:30:00,59.18,74.7
2025-11-08 16:45:00,59,74.2
2025-11-08 17:00:00,59,74.4
2025-11-08 17:15:00,58.82,74.1
2025-11-08 17:30:00,58.64,74.3
2025-11-08 17:45:00,58.64,74.3
2025-11-08 18:00:00,58.46,74.4
2025-11-08 18:15:00,58.46,74.4
2025-11-08 18:30:00,58.28,74.5
2025-11-08 18:45:00,58.28,74.5
2025-11-08 19:00:00,58.28,74.6
2025-11-08 19:15:00,58.28,74.7
2025-11-08 19:30:00,58.28,74.6
2025-11-08 19:45:00,58.1,74.7
2025-11-08 20:00:00,58.1,74.7
2025-11-08 20:15:00,58.1,74.9
2025-11-08 20:30:00,58.1,74.8
2025-11-08 20:45:00,57.92,74.7
2025-11-08 21:00:00,57.92,74.8
2025-11-08 21:15:00,57.92,74.9
2025-11-08 21:30:00,57.92,74.9
2025-11-08 21:45:00,57.92,74.9
2025-11-08 22:00:00,57.74,75.1
2025-11-08 22:15:00,57.74,75.3
2025-11-08 22:30:00,57.56,76.8
2025-11-08 22:45:00,57.38,79.1
2025-11-08 23:00:00,57.2,79.3
2025-11-08 23:15:00,57.2,79.7
2025-11-08 23:30:00,57.02,79.6
2025-11-08 23:45:00,56.84,79.8
2025-11-09 00:00:00,56.66,81.8
2025-11-09 00:15:00,56.48,82.3
2025-11-09 00:30:00,56.48,81.3
2025-11-09 00:45:00,56.3,80.8
2025-11-09 01:00:00,56.3,80.9
2025-11-09 01:15:00,56.3,80.9
2025-11-09 01:30:00,56.3,81.4
2025-11-09 01:45:00,56.3,81.2
2025-11-09 02:00:00,56.12,81.4
2025-11-09 02:15:00,56.12,80.9
2025-11-09 02:30:00,56.12,81.4
2025-11-09 02:45:00,56.12,81.3
2025-11-09 03:00:00,56.12,81.2
2025-11-09 03:15:00,56.12,80.7
2025-11-09 03:30:00,56.12,81.4
2025-11-09 03:45:00,56.12,81.3
2025-11-09 04:00:00,56.3,82.6
2025-11-09 04:15:00,56.3,81.2
2025-11-09 04:30:00,56.12,80.7
2025-11-09 04:45:00,56.12,81
2025-11-09 05:00:00,56.12,81.5
2025-11-09 05:15:00,55.94,81.7
2025-11-09 05:30:00,55.94,80.4
2025-11-09 05:45:00,55.94,80.9
2025-11-09 06:00:00,55.76,81.2
2025-11-09 06:15:00,55.76,79.8
2025-11-09 06:30:00,55.58,80.9
2025-11-09 06:45:00,55.58,80.9
2025-11-09 07:00:00,55.4,79.6
2025-11-09 07:15:00,55.22,81.8
2025-11-09 07:30:00,55.22,82.5
2025-11-09 07:45:00,54.86,83.9
2025-11-09 08:00:00,54.5,82.7
2025-11-09 08:15:00,54.14,82.6
2025-11-09 08:30:00,53.6,82.1
2025-11-09 08:45:00,53.06,81.5
2025-11-09 09:00:00,52.7,82.1
2025-11-09 09:15:00,52.34,82.8
2025-11-09 09:30:00,52.34,82.8
2025-11-09 09:45:00,52.16,82.8
2025-11-09 10:00:00,51.8,83.5
2025-11-09 10:15:00,51.8,83.3
2025-11-09 10:30:00,51.8,84.2
2025-11-09 10:45:00,51.8,83.7
2025-11-09 11:00:00,51.8,84
2025-11-09 11:15:00,51.62,84.4
2025-11-09 11:30:00,51.62,84.1
2025-11-09 11:45:00,51.62,84.8
2025-11-09 12:00:00,51.62,85
2025-11-09 12:15:00,51.62,84.2
2025-11-09 12:30:00,51.62,85.3
2025-11-09 12:45:00,51.44,85.3
2025-11-09 13:00:00,51.44,84.9
2025-11-09 13:15:00,51.44,84.4
2025-11-09 13:30:00,51.26,84.6
2025-11-09 13:45:00,51.26,84.2
2025-11-09 14:00:00,51.26,85.1
2025-11-09 14:15:00,51.08,84.9
2025-11-09 14:30:00,50.9,84.4
2025-11-09 14:45:00,50.72,84.4
2025-11-09 15:00:00,50.36,84.4
2025-11-09 15:15:00,50.18,84.3
2025-11-09 15:30:00,50,84.1
2025-11-09 15:45:00,50,84.3
2025-11-09 16:00:00,49.82,84.5
2025-11-09 16:15:00,49.46,84.5
2025-11-09 16:30:00,49.1,83.9
2025-11-09 16:45:00,49.1,84.2
2025-11-09 17:00:00,48.92,84.3
2025-11-09 17:15:00,48.74,84.5
2025-11-09 17:30:00,48.74,83.7
2025-11-09 17:45:00,48.56,84.5
2025-11-09 18:00:00,48.38,84.6
2025-11-09 18:15:00,48.38,84.3
2025-11-09 18:30:00,48.2,84.6
2025-11-09 18:45:00,48.02,84.1
2025-11-09 19:00:00,48.02,83.7
2025-11-09 19:15:00,47.66,83.9
2025-11-09 19:30:00,47.66,84.5
2025-11-09 19:45:00,47.48,83.2
2025-11-09 20:00:00,47.48,84.4
2025-11-09 20:15:00,47.3,84.5
2025-11-09 20:30:00,47.3,82.9
2025-11-09 20:45:00,47.12,84.5
2025-11-09 21:00:00,46.94,84.6
2025-11-09 21:15:00,46.94,84.6
2025-11-09 21:30:00,46.76,84.6
2025-11-09 21:45:00,46.76,84.2
2025-11-09 22:00:00,46.76,83.6
2025-11-09 22:15:00,46.58,84.3
2025-11-09 22:30:00,46.4,84.4
2025-11-09 22:45:00,46.22,83.6
2025-11-09 23:00:00,46.22,83.6
2025-11-09 23:15:00,46.04,83.3
2025-11-09 23:30:00,46.04,84.4
2025-11-09 23:45:00,45.86,84.3
2025-11-10 00:00:00,45.68,83.3
2025-11-10 00:15:00,45.68,83.2
2025-11-10 00:30:00,45.5,84.2
2025-11-10 00:45:00,45.5,84.4
2025-11-10 01:00:00,45.32,84
2025-11-10 01:15:00,45.14,83.9
2025-11-10 01:30:00,45.14,83.8
2025-11-10 01:45:00,45.14,83.8
2025-11-10 02:00:00,44.96,83.7
2025-11-10 02:15:00,44.96,83.9
2025-11-10 02:30:00,44.78,83.5
2025-11-10 02:45:00,44.78,83.9
2025-11-10 03:00:00,44.78,83.7
2025-11-10 03:15:00,44.78,83.1
2025-11-10 03:30:00,44.78,83.1
2025-11-10 03:45:00,44.78,83.5
2025-11-10 04:00:00,44.78,83.7
2025-11-10 04:15:00,44.78,83.4
2025-11-10 04:30:00,44.78,83.7
2025-11-10 04:45:00,44.78,82.9
2025-11-10 05:00:00,44.6,82.6
2025-11-10 05:15:00,44.6,83.4
2025-11-10 05:30:00,44.6,83
2025-11-10 05:45:00,44.6,83.1
2025-11-10 06:00:00,44.6,83.8
2025-11-10 06:15:00,44.42,83
2025-11-10 06:30:00,44.42,83.3
2025-11-10 06:45:00,44.24,83.4
2025-11-10 07:00:00,44.24,83.3
2025-11-10 07:15:00,44.24,83.1
2025-11-10 07:30:00,44.06,83.9
2025-11-10 07:45:00,44.06,83.4
2025-11-10 08:00:00,44.06,83.7
2025-11-10 08:15:00,44.06,83.4
2025-11-10 08:30:00,43.88,83.8
2025-11-10 08:45:00,43.88,84
2025-11-10 09:00:00,43.88,84.3
2025-11-10 09:15:00,43.7,84.1
2025-11-10 09:30:00,43.88,84.1
2025-11-10 09:45:00,43.7,84.2
2025-11-10 10:00:00,43.7,84.2
2025-11-10 10:15:00,43.7,85.3
2025-11-10 10:30:00,43.52,85.8
2025-11-10 10:45:00,43.52,85.7
2025-11-10 11:00:00,43.52,86
2025-11-10 11:15:00,43.52,86
2025-11-10 11:30:00,43.52,86.1
2025-11-10 11:45:00,43.52,86.6
2025-11-10 12:00:00,43.52,86.4
2025-11-10 12:15:00,43.52,86.7
2025-11-10 12:30:00,43.7,86.7
2025-11-10 12:45:00,43.7,87.1
2025-11-10 13:00:00,43.7,87.1
2025-11-10 13:15:00,43.7,86.8
2025-11-10 13:30:00,43.52,86.8
2025-11-10 13:45:00,43.7,87
2025-11-10 14:00:00,43.52,86.8
2025-11-10 14:15:00,43.52,87
2025-11-10 14:30:00,43.52,86.8
2025-11-10 14:45:00,43.52,87
2025-11-10 15:00:00,43.52,86.7
2025-11-10 15:15:00,43.34,86.9
2025-11-10 15:30:00,43.16,86.8
2025-11-10 15:45:00,43.16,87
2025-11-10 16:00:00,43.16,86.7
2025-11-10 16:15:00,42.98,86.4
2025-11-10 16:30:00,42.8,86.2
2025-11-10 16:45:00,42.8,86.2
2025-11-10 17:00:00,42.8,86.6
2025-11-10 17:15:00,42.8,86.8
2025-11-10 17:30:00,42.62,86.2
2025-11-10 17:45:00,42.62,85.8
2025-11-10 18:00:00,42.62,85.8
2025-11-10 18:15:00,42.44,86.3
2025-11-10 18:30:00,42.44,85.8
2025-11-10 18:45:00,42.44,85.6
2025-11-10 19:00:00,42.26,85.1
2025-11-10 19:15:00,42.26,85.1
2025-11-10 19:30:00,42.26,85.4
2025-11-10 19:45:00,42.08,85.1
2025-11-10 20:00:00,42.08,85.6
2025-11-10 20:15:00,41.9,85.6
2025-11-10 20:30:00,41.9,85.4
2025-11-10 20:45:00,41.9,85.1
2025-11-10 21:00:00,41.9,85.3
2025-11-10 21:15:00,41.9,85.4
2025-11-10 21:30:00,41.72,85.7
2025-11-10 21:45:00,41.54,85.8
2025-11-10 22:00:00,41.54,85.7
2025-11-10 22:15:00,41.36,85.6
2025-11-10 22:30:00,41.36,85.6
2025-11-10 22:45:00,41.36,85.4
2025-11-10 23:00:00,41.18,85.3
2025-11-10 23:15:00,41.18,85.9
2025-11-10 23:30:00,41,85.2
2025-11-10 23:45:00,41,85.4
2025-11-11 00:00:00,41,85.2
2025-11-11 00:15:00,40.82,84.7
2025-11-11 00:30:00,40.82,84.8
2025-11-11 00:45:00,40.82,84.9
2025-11-11 01:00:00,40.64,84.9
2025-11-11 01:15:00,40.64,84.9
2025-11-11 01:30:00,40.64,85.2
2025-11-11 01:45:00,40.46,84.7
2025-11-11 02:00:00,40.46,85
2025-11-11 02:15:00,40.46,84.5
2025-11-11 02:30:00,40.46,85
2025-11-11 02:45:00,40.46,84.9
2025-11-11 03:00:00,40.46,85
2025-11-11 03:15:00,40.46,84.9
2025-11-11 03:30:00,40.46,85
2025-11-11 03:45:00,40.46,84.8
2025-11-11 04:00:00,40.28,84.7
2025-11-11 04:15:00,40.28,84.6
2025-11-11 04:30:00,40.1,84.4
2025-11-11 04:45:00,39.92,84.7
2025-11-11 05:00:00,39.92,84.1
2025-11-11 05:15:00,39.92,84.4
2025-11-11 05:30:00,39.74,84.6
2025-11-11 05:45:00,39.74,84.4
2025-11-11 06:00:00,39.74,84.8
2025-11-11 06:15:00,39.74,84.7
2025-11-11 06:30:00,39.74,84.7
2025-11-11 06:45:00,39.74,84.9
2025-11-11 07:00:00,39.74,84.8
2025-11-11 07:15:00,39.74,84.9
2025-11-11 07:30:00,39.74,84.8
2025-11-11 07:45:00,39.74,85
2025-11-11 08:00:00,39.56,84.8
2025-11-11 08:15:00,39.56,84.9
2025-11-11 08:30:00,39.56,84.6
2025-11-11 08:45:00,39.56,84.8
2025-11-11 09:00:00,39.56,84.4
2025-11-11 09:15:00,39.56,84.8
2025-11-11 09:30:00,39.74,85
2025-11-11 09:45:00,39.74,85
2025-11-11 10:00:00,39.92,85.4
2025-11-11 10:15:00,40.1,85.5
2025-11-11 10:30:00,40.1,84.9
2025-11-11 10:45:00,40.28,85.4
2025-11-11 11:00:00,40.46,84.8
2025-11-11 11:15:00,40.46,85.4
2025-11-11 11:30:00,40.64,85.4
2025-11-11 11:45:00,40.82,85.1
2025-11-11 12:00:00,40.82,85.3
2025-11-11 12:15:00,41,85.4
2025-11-11 12:30:00,41,85.7
2025-11-11 12:45:00,41,86.4
2025-11-11 13:00:00,41.18,86.3
2025-11-11 13:15:00,41.36,85.7
2025-11-11 13:30:00,41.36,85.8
2025-11-11 13:45:00,41.54,86.4
2025-11-11 14:00:00,41.72,86.4
2025-11-11 14:15:00,41.72,86.2
2025-11-11 14:30:00,41.9,86.4
2025-11-11 14:45:00,41.9,86.4
2025-11-11 15:00:00,41.9,86.5
2025-11-11 15:15:00,42.08,86.3
2025-11-11 15:30:00,42.08,86.4
2025-11-11 15:45:00,42.08,86.4
2025-11-11 16:00:00,42.26,86.4
2025-11-11 16:15:00,42.26,85.7
2025-11-11 16:30:00,42.26,86.3
2025-11-11 16:45:00,42.44,86.3
2025-11-11 17:00:00,42.44,86.4
2025-11-11 17:15:00,42.44,86.3
2025-11-11 17:30:00,42.44,86.2
2025-11-11 17:45:00,42.44,86
2025-11-11 18:00:00,42.44,85.5
2025-11-11 18:15:00,42.44,85.9
2025-11-11 18:30:00,42.44,86
2025-11-11 18:45:00,42.44,86.4
2025-11-11 19:00:00,42.44,86.3
2025-11-11 19:15:00,42.26,86.2
2025-11-11 19:30:00,42.26,86.4
2025-11-11 19:45:00,42.44,86.7
2025-11-11 20:00:00,42.44,86.8
2025-11-11 20:15:00,42.44,86.2
2025-11-11 20:30:00,42.26,86.4
2025-11-11 20:45:00,42.26,86.4
2025-11-11 21:00:00,42.26,86.2
2025-11-11 21:15:00,42.26,85.8
2025-11-11 21:30:00,42.26,86.3
2025-11-11 21:45:00,42.44,86
2025-11-11 22:00:00,42.44,86.2
2025-11-11 22:15:00,42.44,86.7
2025-11-11 22:30:00,42.62,86.9
2025-11-11 22:45:00,42.8,86.7
2025-11-11 23:00:00,42.8,87.1
2025-11-11 23:15:00,42.98,87
2025-11-11 23:30:00,42.98,86.8
2025-11-11 23:45:00,42.98,87
2025-11-12 00:00:00,43.16,87.2
2025-11-12 00:15:00,43.16,87
2025-11-12 00:30:00,43.34,87.1
2025-11-12 00:45:00,43.34,86.8
2025-11-12 01:00:00,43.34,87.1
2025-11-12 01:15:00,43.34,87.4
2025-11-12 01:30:00,43.34,87.3
2025-11-12 01:45:00,43.52,87.7
2025-11-12 02:00:00,43.52,87.6
2025-11-12 02:15:00,43.52,87.8
2025-11-12 02:30:00,43.52,87.8
2025-11-12 02:45:00,43.52,87.7
2025-11-12 03:00:00,43.52,87.6
2025-11-12 03:15:00,43.52,87.7
2025-11-12 03:30:00,43.52,87.6
2025-11-12 03:45:00,43.52,87.6
2025-11-12 04:00:00,43.34,87.5
2025-11-12 04:15:00,43.34,88.2
2025-11-12 04:30:00,43.34,87.6
2025-11-12 04:45:00,43.34,87.5
2025-11-12 05:00:00,43.16,87.5
2025-11-12 05:15:00,43.16,87.9
2025-11-12 05:30:00,43.16,87.7
2025-11-12 05:45:00,43.16,87.6
2025-11-12 06:00:00,43.16,87.4
2025-11-12 06:15:00,42.98,87.5
2025-11-12 06:30:00,42.98,87.2
2025-11-12 06:45:00,42.98,87.8
2025-11-12 07:00:00,42.98,87.1
2025-11-12 07:15:00,42.98,87.3
2025-11-12 07:30:00,42.98,87.6
2025-11-12 07:45:00,42.98,87.6
2025-11-12 08:00:00,42.98,88.2
2025-11-12 08:15:00,42.98,88
2025-11-12 08:30:00,42.98,87.2
2025-11-12 08:45:00,42.98,87.6
2025-11-12 09:00:00,43.16,88.1
2025-11-12 09:15:00,43.34,88
2025-11-12 09:30:00,43.34,87.8
2025-11-12 09:45:00,43.52,88.6
2025-11-12 10:00:00,43.7,88.9
2025-11-12 10:15:00,43.7,89
2025-11-12 10:30:00,43.88,89.4
2025-11-12 10:45:00,43.88,89.5
2025-11-12 11:00:00,44.24,89.8
2025-11-12 11:15:00,44.24,89.8
2025-11-12 11:30:00,44.42,89.7
2025-11-12 11:45:00,44.6,89.5
2025-11-12 12:00:00,44.78,89.2
2025-11-12 12:15:00,45.14,90
2025-11-12 12:30:00,45.14,89
2025-11-12 12:45:00,45.32,89.7
2025-11-12 13:00:00,45.68,91
2025-11-12 13:15:00,46.04,90.2
2025-11-12 13:30:00,46.22,89.6
2025-11-12 13:45:00,46.58,91.5
2025-11-12 14:00:00,46.94,90.9
2025-11-12 14:15:00,47.12,90.8
2025-11-12 14:30:00,47.48,90.3
2025-11-12 14:45:00,47.66,90.2
2025-11-12 15:00:00,47.84,89.5
2025-11-12 15:15:00,48.02,91.5
2025-11-12 15:30:00,48.02,91.7
2025-11-12 15:45:00,48.2,90.8
2025-11-12 16:00:00,48.2,90.8
2025-11-12 16:15:00,48.38,91.1
2025-11-12 16:30:00,48.38,90.8
2025-11-12 16:45:00,48.38,89.8
2025-11-12 17:00:00,48.38,90.4
2025-11-12 17:15:00,48.38,90.5
2025-11-12 17:30:00,48.38,90.2
2025-11-12 17:45:00,48.2,90.8
2025-11-12 18:00:00,48.2,89.9
2025-11-12 18:15:00,48.02,89.5
2025-11-12 18:30:00,47.84,89.8
2025-11-12 18:45:00,47.84,89.4
2025-11-12 19:00:00,47.66,89.4
2025-11-12 19:15:00,47.48,89
2025-11-12 19:30:00,47.3,89.3
2025-11-12 19:45:00,47.12,89.1
2025-11-12 20:00:00,46.94,89.1
2025-11-12 20:15:00,46.76,89.2
2025-11-12 20:30:00,46.76,89.2
2025-11-12 20:45:00,46.58,89.3
2025-11-12 21:00:00,46.58,89.5
2025-11-12 21:15:00,46.58,89.3
2025-11-12 21:30:00,46.58,89.4
2025-11-12 21:45:00,46.58,89.8
2025-11-12 22:00:00,46.58,89.6
2025-11-12 22:15:00,46.58,89.4
2025-11-12 22:30:00,46.58,89.4
2025-11-12 22:45:00,46.58,89.2
2025-11-12 23:00:00,46.4,89.3
2025-11-12 23:15:00,46.4,89.1
2025-11-12 23:30:00,46.4,89.1
2025-11-12 23:45:00,46.4,89.1
2025-11-13 00:00:00,46.22,89.1
2025-11-13 00:15:00,46.22,89.1
2025-11-13 00:30:00,46.22,89
2025-11-13 00:45:00,46.22,89.1
2025-11-13 01:00:00,46.04,89.2
2025-11-13 01:15:00,46.04,89.6
2025-11-13 01:30:00,46.04,89.3
2025-11-13 01:45:00,46.04,89.2
2025-11-13 02:00:00,46.04,89.4
2025-11-13 02:15:00,46.04,90
2025-11-13 02:30:00,46.04,90.2
2025-11-13 02:45:00,46.04,89.8
2025-11-13 03:00:00,46.04,89.8
2025-11-13 03:15:00,46.04,89.3
2025-11-13 03:30:00,46.04,89.2
2025-11-13 03:45:00,46.04,89.2
2025-11-13 04:00:00,45.86,88.7
2025-11-13 04:15:00,45.68,88.7
2025-11-13 04:30:00,45.68,88.5
2025-11-13 04:45:00,45.5,88.5
2025-11-13 05:00:00,45.32,89
2025-11-13 05:15:00,45.14,88.6
2025-11-13 05:30:00,45.14,88.6
2025-11-13 05:45:00,44.96,88.5
2025-11-13 06:00:00,44.96,88.7
2025-11-13 06:15:00,44.78,89.1
2025-11-13 06:30:00,44.78,89.2
2025-11-13 06:45:00,44.6,89.1
2025-11-13 07:00:00,44.6,89.3
2025-11-13 07:15:00,44.6,89.1
2025-11-13 07:30:00,44.6,89.3
2025-11-13 07:45:00,44.6,89.2
2025-11-13 08:00:00,44.6,89
2025-11-13 08:15:00,44.42,89
2025-11-13 08:30:00,44.42,89.4
2025-11-13 08:45:00,44.42,90.1
2025-11-13 09:00:00,44.6,89.9
2025-11-13 09:15:00,44.78,90.3
2025-11-13 09:30:00,44.96,90.3
2025-11-13 09:45:00,45.32,90.8
2025-11-13 10:00:00,45.68,90.8
2025-11-13 10:15:00,46.04,90.6
2025-11-13 10:30:00,46.4,91.1
2025-11-13 10:45:00,46.76,90.9
2025-11-13 11:00:00,47.3,91.7
2025-11-13 11:15:00,47.66,91.8
2025-11-13 11:30:00,48.02,90.7
2025-11-13 11:45:00,48.2,92
2025-11-13 12:00:00,48.56,91.2
2025-11-13 12:15:00,48.92,91
2025-11-13 12:30:00,49.1,90.3
2025-11-13 12:45:00,49.46,91.8
2025-11-13 13:00:00,49.64,91.5
2025-11-13 13:15:00,50,92.2
2025-11-13 13:30:00,50.36,92.2
2025-11-13 13:45:00,50.9,92.3
2025-11-13 14:00:00,51.26,92
2025-11-13 14:15:00,51.62,93.7
2025-11-13 14:30:00,51.98,93.4
2025-11-13 14:45:00,51.98,92.2
2025-11-13 15:00:00,52.16,91.9
2025-11-13 15:15:00,52.34,91.9
2025-11-13 15:30:00,52.34,91.8
2025-11-13 15:45:00,52.52,92.5
2025-11-13 16:00:00,52.52,92.5
2025-11-13 16:15:00,52.52,91.3
2025-11-13 16:30:00,52.34,91.1
2025-11-13 16:45:00,52.34,91.2
2025-11-13 17:00:00,52.34,91
2025-11-13 17:15:00,52.16,90.7
2025-11-13 17:30:00,52.16,90.6
2025-11-13 17:45:00,51.98,90.2
2025-11-13 18:00:00,51.8,90.1
2025-11-13 18:15:00,51.62,89.9
2025-11-13 18:30:00,51.44,89.7
2025-11-13 18:45:00,51.26,89.8
2025-11-13 19:00:00,51.08,89.9
2025-11-13 19:15:00,51.08,89.9
2025-11-13 19:30:00,51.08,90.1
2025-11-13 19:45:00,51.08,90.1
2025-11-13 20:00:00,51.08,90
2025-11-13 20:15:00,51.26,90
2025-11-13 20:30:00,51.26,90.1
2025-11-13 20:45:00,51.26,90.3
2025-11-13 21:00:00,51.26,90
2025-11-13 21:15:00,51.26,90.1
2025-11-13 21:30:00,51.26,89.8
2025-11-13 21:45:00,51.26,89.7
2025-11-13 22:00:00,51.26,89.7
2025-11-13 22:15:00,51.26,89.6
2025-11-13 22:30:00,51.26,89.6
2025-11-13 22:45:00,51.26,89.5
2025-11-13 23:00:00,51.26,89.6
2025-11-13 23:15:00,51.26,89.3
2025-11-13 23:30:00,51.26,89.4
2025-11-13 23:45:00,51.08,89.4
2025-11-14 00:00:00,51.08,89.4
2025-11-14 00:15:00,50.9,89.1
2025-11-14 00:30:00,50.9,88.9
2025-11-14 00:45:00,50.54,89.1
2025-11-14 01:00:00,50.54,88.9
2025-11-14 01:15:00,50.36,88.8
2025-11-14 01:30:00,50.18,88.7
2025-11-14 01:45:00,50,88.6
2025-11-14 02:00:00,49.82,88.6
2025-11-14 02:15:00,49.64,88.5
2025-11-14 02:30:00,49.46,88.3
2025-11-14 02:45:00,49.28,88.3
2025-11-14 03:00:00,49.1,88.4
2025-11-14 03:15:00,48.92,88.3
2025-11-14 03:30:00,48.92,88.1
2025-11-14 03:45:00,48.74,88.2
2025-11-14 04:00:00,48.56,88.3
2025-11-14 04:15:00,48.56,88.5
2025-11-14 04:30:00,48.38,88.5
2025-11-14 04:45:00,48.38,88.6
2025-11-14 05:00:00,48.38,88.8
2025-11-14 05:15:00,48.38,89
2025-11-14 05:30:00,48.56,89.2
2025-11-14 05:45:00,48.74,89.3
2025-11-14 06:00:00,48.74,89.4
2025-11-14 06:15:00,48.92,89.4
2025-11-14 06:30:00,49.1,89.5
2025-11-14 06:45:00,49.1,89.5
2025-11-14 07:00:00,49.28,89.5
2025-11-14 07:15:00,49.28,89.8
2025-11-14 07:30:00,49.46,89.6
2025-11-14 07:45:00,49.64,89.7
2025-11-14 08:00:00,49.82,89.7
2025-11-14 08:15:00,49.82,89.8
2025-11-14 08:30:00,50,89.7
2025-11-14 08:45:00,50,89.7
2025-11-14 09:00:00,50,89.7
2025-11-14 09:15:00,50.18,89.7
2025-11-14 09:30:00,50.36,90.2
2025-11-14 09:45:00,50.54,90
2025-11-14 10:00:00,50.72,89.8
2025-11-14 10:15:00,51.08,89.2
2025-11-14 10:30:00,51.44,90.5
2025-11-14 10:45:00,51.8,89.3
2025-11-14 11:00:00,52.34,90.4
2025-11-14 11:15:00,52.88,90.9
2025-11-14 11:30:00,53.42,91.2
2025-11-14 11:45:00,53.96,91.9
2025-11-14 12:00:00,54.68,93.8
2025-11-14 12:15:00,55.58,93.6
2025-11-14 12:30:00,56.3,93.2
2025-11-14 12:45:00,57.2,93.1
2025-11-14 13:00:00,57.74,91.4
2025-11-14 13:15:00,58.46,94.2
2025-11-14 13:30:00,59,93.9
2025-11-14 13:45:00,59.36,93
2025-11-14 14:00:00,59.9,93.6
2025-11-14 14:15:00,60.62,93.8
2025-11-14 14:30:00,61.16,92.5
2025-11-14 14:45:00,61.52,93.3
2025-11-14 15:00:00,62.06,93
2025-11-14 15:15:00,62.24,93.3
2025-11-14 15:30:00,62.42,92.9
2025-11-14 15:45:00,62.78,92.4
2025-11-14 16:00:00,62.96,92.6
2025-11-14 16:15:00,63.14,92.9
2025-11-14 16:30:00,63.32,93.3
2025-11-14 16:45:00,63.32,92.2
2025-11-14 17:00:00,63.5,92.5
2025-11-14 17:15:00,63.5,92
2025-11-14 17:30:00,63.5,91.6
2025-11-14 17:45:00,63.5,91.7
2025-11-14 18:00:00,63.5,91.2
2025-11-14 18:15:00,63.32,90.9
2025-11-14 18:30:00,63.14,90.8
2025-11-14 18:45:00,62.96,90.6
2025-11-14 19:00:00,62.96,91.2
2025-11-14 19:15:00,62.78,90.6
2025-11-14 19:30:00,62.78,90.7
2025-11-14 19:45:00,62.78,90.6
2025-11-14 20:00:00,62.78,90.8
2025-11-14 20:15:00,62.78,90.5
2025-11-14 20:30:00,62.96,90.5
2025-11-14 20:45:00,62.96,90.3
2025-11-14 21:00:00,62.96,90.4
2025-11-14 21:15:00,62.96,90.3
2025-11-14 21:30:00,62.96,90.1
2025-11-14 21:45:00,62.96,90
2025-11-14 22:00:00,62.78,90.1
2025-11-14 22:15:00,62.78,89.9
2025-11-14 22:30:00,62.78,89.8
2025-11-14 22:45:00,62.78,89.9
2025-11-14 23:00:00,62.6,89.7
2025-11-14 23:15:00,62.6,89.8
2025-11-14 23:30:00,62.6,89.6
2025-11-14 23:45:00,62.6,89.8
2025-11-15 00:00:00,62.78,89.9
2025-11-15 00:15:00,62.6,89.8
2025-11-15 00:30:00,62.6,89.6
2025-11-15 00:45:00,62.6,89.5
2025-11-15 01:00:00,62.6,89.3
2025-11-15 01:15:00,62.42,89.4
2025-11-15 01:30:00,62.42,89.3
2025-11-15 01:45:00,62.42,89.4
2025-11-15 02:00:00,62.42,89.4
2025-11-15 02:15:00,62.24,89.4
2025-11-15 02:30:00,62.24,89.3
2025-11-15 02:45:00,62.24,89
2025-11-15 03:00:00,62.24,89.2
2025-11-15 03:15:00,62.06,89.4
2025-11-15 03:30:00,62.24,88.8
2025-11-15 03:45:00,62.24,88.8
2025-11-15 04:00:00,62.24,88.9
2025-11-15 04:15:00,62.24,89.2
2025-11-15 04:30:00,62.24,88.9
2025-11-15 04:45:00,62.24,89.7
2025-11-15 05:00:00,62.24,88.6
2025-11-15 05:15:00,62.24,88.8
2025-11-15 05:30:00,62.42,88.6
2025-11-15 05:45:00,62.42,89
2025-11-15 06:00:00,62.42,88.8
2025-11-15 06:15:00,62.42,88.9
2025-11-15 06:30:00,62.42,88.8
2025-11-15 06:45:00,62.42,88.7
2025-11-15 07:00:00,62.24,88.7
2025-11-15 07:15:00,62.24,89.1
2025-11-15 07:30:00,62.24,88.8
2025-11-15 07:45:00,62.24,88
2025-11-15 08:00:00,62.24,89
2025-11-15 08:15:00,62.24,88.5
2025-11-15 08:30:00,62.24,88.3
2025-11-15 08:45:00,62.42,87.8
2025-11-15 09:00:00,62.42,87.9
2025-11-15 09:15:00,62.6,88.5
2025-11-15 09:30:00,62.78,88
2025-11-15 09:45:00,62.96,87.3
2025-11-15 10:00:00,63.32,88.1
2025-11-15 10:15:00,63.5,89.2
2025-11-15 10:30:00,63.68,88.6
2025-11-15 10:45:00,64.04,88.9
2025-11-15 11:00:00,64.4,88
2025-11-15 11:15:00,64.76,88.4
2025-11-15 11:30:00,64.94,88.2
2025-11-15 11:45:00,65.3,89.2
2025-11-15 12:00:00,65.66,87.2
2025-11-15 12:15:00,66.2,87.3
2025-11-15 12:30:00,66.56,87.5
2025-11-15 12:45:00,67.1,87.8
2025-11-15 13:00:00,67.46,87.7
2025-11-15 13:15:00,67.82,89
2025-11-15 13:30:00,68.18,88.1
2025-11-15 13:45:00,68.54,89.1
2025-11-15 14:00:00,68.9,88.4
2025-11-15 14:15:00,69.08,88.1
2025-11-15 14:30:00,69.44,86.5
2025-11-15 14:45:00,69.62,87.7
2025-11-15 15:00:00,69.8,87.2
2025-11-15 15:15:00,69.98,89.3
2025-11-15 15:30:00,69.98,87.8
2025-11-15 15:45:00,70.16,86.8
2025-11-15 16:00:00,70.16,88.7
2025-11-15 16:15:00,70.16,88.6
2025-11-15 16:30:00,70.16,88
2025-11-15 16:45:00,69.98,88.6
2025-11-15 17:00:00,69.98,90.3
2025-11-15 17:15:00,69.8,88.4
2025-11-15 17:30:00,69.8,90.4
2025-11-15 17:45:00,69.62,89.2
2025-11-15 18:00:00,69.44,89.8
2025-11-15 18:15:00,69.26,89.4
2025-11-15 18:30:00,69.08,89.6
2025-11-15 18:45:00,68.9,89.2
2025-11-15 19:00:00,68.72,88.9
2025-11-15 19:15:00,68.54,88.9
2025-11-15 19:30:00,68.36,88.7
2025-11-15 19:45:00,68.18,88.8
2025-11-15 20:00:00,68,88.8
2025-11-15 20:15:00,67.82,88.2
2025-11-15 20:30:00,67.64,88.2
2025-11-15 20:45:00,67.46,88
2025-11-15 21:00:00,67.28,88.3
2025-11-15 21:15:00,67.1,87.9
2025-11-15 21:30:00,66.92,87.9
2025-11-15 21:45:00,66.74,87.9
2025-11-15 22:00:00,66.56,87.9
2025-11-15 22:15:00,66.38,87.1
2025-11-15 22:30:00,66.2,87.9
2025-11-15 22:45:00,66.02,87.7
2025-11-15 23:00:00,65.84,87.3
2025-11-15 23:15:00,65.66,87.6
2025-11-15 23:30:00,65.3,86.6
2025-11-15 23:45:00,65.12,86.7
2025-11-16 00:00:00,64.94,86.8
2025-11-16 00:15:00,64.76,87
2025-11-16 00:30:00,64.58,86.2
2025-11-16 00:45:00,64.4,86.6
2025-11-16 01:00:00,64.22,86.7
2025-11-16 01:15:00,64.04,86.2
2025-11-16 01:30:00,63.86,86.5
2025-11-16 01:45:00,63.68,86.3
2025-11-16 02:00:00,63.5,85.7
2025-11-16 02:15:00,63.32,86
2025-11-16 02:30:00,63.14,85.9
2025-11-16 02:45:00,62.78,85.7
2025-11-16 03:00:00,62.6,85.6
2025-11-16 03:15:00,62.42,85.4
2025-11-16 03:30:00,62.06,85.4
2025-11-16 03:45:00,62.06,85
2025-11-16 04:00:00,61.7,85.5
2025-11-16 04:15:00,61.52,85.5
2025-11-16 04:30:00,61.34,85.1
2025-11-16 04:45:00,61.16,85.1
2025-11-16 05:00:00,60.8,85
2025-11-16 05:15:00,60.62,85.1
2025-11-16 05:30:00,60.44,84.9
2025-11-16 05:45:00,60.26,84.9
2025-11-16 06:00:00,59.9,84.5
2025-11-16 06:15:00,59.72,84.1
2025-11-16 06:30:00,59.54,84.6
2025-11-16 06:45:00,59.18,84
2025-11-16 07:00:00,59,84.2
2025-11-16 07:15:00,58.82,84.2
2025-11-16 07:30:00,58.64,84.3
2025-11-16 07:45:00,58.46,84.2
2025-11-16 08:00:00,58.28,84.1
2025-11-16 08:15:00,58.1,84.2
2025-11-16 08:30:00,57.92,84.2
2025-11-16 08:45:00,57.74,84.3
2025-11-16 09:00:00,57.56,84.1
2025-11-16 09:15:00,57.56,84.3
2025-11-16 09:30:00,57.56,84.2
2025-11-16 09:45:00,57.56,84.1
2025-11-16 10:00:00,57.56,84.2
2025-11-16 10:15:00,57.56,84.4
2025-11-16 10:30:00,57.74,84.3
2025-11-16 10:45:00,57.74,84.3
2025-11-16 11:00:00,58.1,84.1
2025-11-16 11:15:00,58.1,84.2
2025-11-16 11:30:00,58.1,84.5
2025-11-16 11:45:00,58.28,84.5
2025-11-16 12:00:00,58.46,84.7
2025-11-16 12:15:00,58.64,84.3
2025-11-16 12:30:00,58.82,84.2
2025-11-16 12:45:00,59,84.5
2025-11-16 13:00:00,59,84.8
2025-11-16 13:15:00,59.18,84.2
2025-11-16 13:30:00,59.18,83.5
2025-11-16 13:45:00,59.18,83.4
2025-11-16 14:00:00,59.18,83.3
2025-11-16 14:15:00,59.18,80.9
2025-11-16 14:30:00,59.18,81.9
2025-11-16 14:45:00,59.18,81.8
2025-11-16 15:00:00,59.18,82.3
2025-11-16 15:15:00,59.18,82.4
2025-11-16 15:30:00,59,82
2025-11-16 15:45:00,58.64,81.9
2025-11-16 16:00:00,58.46,79.9
2025-11-16 16:15:00,58.46,80.2
2025-11-16 16:30:00,58.64,79.5
2025-11-16 16:45:00,58.64,80.5
2025-11-16 17:00:00,58.64,80.5
2025-11-16 17:15:00,58.46,81.4
2025-11-16 17:30:00,58.46,81.1
2025-11-16 17:45:00,58.28,81.4
2025-11-16 18:00:00,58.1,81.6
2025-11-16 18:15:00,57.92,81.4
2025-11-16 18:30:00,57.74,81.8
2025-11-16 18:45:00,57.56,82
2025-11-16 19:00:00,57.38,82.2
2025-11-16 19:15:00,57.38,82.3
2025-11-16 19:30:00,57.2,82.3
2025-11-16 19:45:00,57.02,82.4
2025-11-16 20:00:00,56.84,82.4
2025-11-16 20:15:00,56.84,82.5
2025-11-16 20:30:00,56.66,82.6
2025-11-16 20:45:00,56.66,82.6
2025-11-16 21:00:00,56.48,82.4
2025-11-16 21:15:00,56.3,82.4
2025-11-16 21:30:00,56.12,82.4
2025-11-16 21:45:00,55.94,82.5
2025-11-16 22:00:00,55.94,82.6
2025-11-16 22:15:00,55.94,82.6
2025-11-16 22:30:00,55.76,82.5
2025-11-16 22:45:00,55.58,82.5
2025-11-16 23:00:00,55.58,82.4
2025-11-16 23:15:00,55.4,82.4
2025-11-16 23:30:00,55.22,82.4
2025-11-16 23:45:00,55.04,82.4
2025-11-17 00:00:00,54.86,82.3
2025-11-17 00:15:00,54.86,82.3
2025-11-17 00:30:00,54.68,82.3
2025-11-17 00:45:00,54.5,82.2
2025-11-17 01:00:00,54.14,82.2
2025-11-17 01:15:00,53.96,82.2
2025-11-17 01:30:00,53.78,82.1
2025-11-17 01:45:00,53.78,81.9
2025-11-17 02:00:00,53.42,81.8
2025-11-17 02:15:00,53.42,81.8
2025-11-17 02:30:00,53.24,81.6
2025-11-17 02:45:00,53.24,81.6
2025-11-17 03:00:00,53.06,81.6
2025-11-17 03:15:00,53.06,81.6
2025-11-17 03:30:00,52.88,81.5
2025-11-17 03:45:00,52.7,81.5
2025-11-17 04:00:00,52.7,81.4
2025-11-17 04:15:00,52.52,81.2
2025-11-17 04:30:00,52.34,81.3
2025-11-17 04:45:00,52.34,81.3
2025-11-17 05:00:00,52.34,81.3
2025-11-17 05:15:00,52.16,80.7
2025-11-17 05:30:00,51.98,80.9
2025-11-17 05:45:00,51.98,80.9
2025-11-17 06:00:00,51.8,80.6
2025-11-17 06:15:00,51.62,80.8
2025-11-17 06:30:00,51.62,80.8
2025-11-17 06:45:00,51.44,80.9
2025-11-17 07:00:00,51.26,80.8
2025-11-17 07:15:00,51.26,80.7
2025-11-17 07:30:00,51.08,80.8
2025-11-17 07:45:00,50.9,80.7
2025-11-17 08:00:00,50.72,80.8
2025-11-17 08:15:00,50.54,80.8
2025-11-17 08:30:00,50.36,80.9
2025-11-17 08:45:00,50.36,81
2025-11-17 09:00:00,50.18,81.2
2025-11-17 09:15:00,50.36,81.3
2025-11-17 09:30:00,50.54,81.7
2025-11-17 09:45:00,50.72,81.8
2025-11-17 10:00:00,50.9,82
2025-11-17 10:15:00,51.08,81.9
2025-11-17 10:30:00,51.44,82.5
2025-11-17 10:45:00,51.8,82.4
2025-11-17 11:00:00,52.34,82.1
2025-11-17 11:15:00,52.52,82.1
2025-11-17 11:30:00,52.88,82.5
2025-11-17 11:45:00,53.06,81.6
2025-11-17 12:00:00,53.42,81.8
2025-11-17 12:15:00,53.78,81.6
2025-11-17 12:30:00,53.96,81.9
2025-11-17 12:45:00,54.14,81.3
2025-11-17 13:00:00,54.32,80
2025-11-17 13:15:00,54.5,80.5
2025-11-17 13:30:00,54.68,80.7
2025-11-17 13:45:00,54.68,81.2
2025-11-17 14:00:00,54.86,81.2
2025-11-17 14:15:00,55.22,81.6
2025-11-17 14:30:00,55.58,81.3
2025-11-17 14:45:00,55.76,81.4
2025-11-17 15:00:00,55.94,81.3
2025-11-17 15:15:00,55.94,81
2025-11-17 15:30:00,56.12,81.4
2025-11-17 15:45:00,56.12,81.4
2025-11-17 16:00:00,56.12,81.5
2025-11-17 16:15:00,55.94,81.2
2025-11-17 16:30:00,55.76,81.2
2025-11-17 16:45:00,55.76,80.7
2025-11-17 17:00:00,55.58,80.7
2025-11-17 17:15:00,55.4,80.8
2025-11-17 17:30:00,55.22,80.9
2025-11-17 17:45:00,55.04,81
2025-11-17 18:00:00,55.04,81
2025-11-17 18:15:00,54.86,81
2025-11-17 18:30:00,54.86,80.9
2025-11-17 18:45:00,54.68,80.9
2025-11-17 19:00:00,54.68,80.8
2025-11-17 19:15:00,54.5,80.7
2025-11-17 19:30:00,54.32,80.6
2025-11-17 19:45:00,53.96,80.7
2025-11-17 20:00:00,53.78,80.7
2025-11-17 20:15:00,53.6,80.7
2025-11-17 20:30:00,53.42,80.7
2025-11-17 20:45:00,53.24,80.7
2025-11-17 21:00:00,53.24,80.8
2025-11-17 21:15:00,53.24,80.8
2025-11-17 21:30:00,53.06,80.7
2025-11-17 21:45:00,53.06,80.6
2025-11-17 22:00:00,52.88,80.5
2025-11-17 22:15:00,52.7,80.4
2025-11-17 22:30:00,52.52,80.4
2025-11-17 22:45:00,52.34,80.3
2025-11-17 23:00:00,52.16,80.3
2025-11-17 23:15:00,51.98,80.3
2025-11-17 23:30:00,51.8,80.3
2025-11-17 23:45:00,51.62,80.2
2025-11-18 00:00:00,51.62,80.3
2025-11-18 00:15:00,51.44,80.3
2025-11-18 00:30:00,51.44,80.4
2025-11-18 00:45:00,51.44,80.4
2025-11-18 01:00:00,51.44,80.5
2025-11-18 01:15:00,51.62,80.5
2025-11-18 01:30:00,51.62,80.6
2025-11-18 01:45:00,51.8,80.5
2025-11-18 02:00:00,51.8,80.4
2025-11-18 02:15:00,51.8,80.4
2025-11-18 02:30:00,51.98,80.4
2025-11-18 02:45:00,51.8,80.2
2025-11-18 03:00:00,51.98,80.3
2025-11-18 03:15:00,51.8,80.3
2025-11-18 03:30:00,51.8,80.2
2025-11-18 03:45:00,51.8,80.4
2025-11-18 04:00:00,51.8,80.3
2025-11-18 04:15:00,51.8,80.2
2025-11-18 04:30:00,51.8,80.1
2025-11-18 04:45:00,51.8,80.2
2025-11-18 05:00:00,51.8,80.2
2025-11-18 05:15:00,51.8,80.3
2025-11-18 05:30:00,51.8,81.4
2025-11-18 05:45:00,51.8,83.1
2025-11-18 06:00:00,51.8,83.4
2025-11-18 06:15:00,51.8,85.2
2025-11-18 06:30:00,51.8,84.3
2025-11-18 06:45:00,51.62,84.3
2025-11-18 07:00:00,51.62,84.7
2025-11-18 07:15:00,51.62,84
2025-11-18 07:30:00,51.62,84
2025-11-18 07:45:00,51.44,84.4
2025-11-18 08:00:00,51.44,84.4
2025-11-18 08:15:00,51.44,85
2025-11-18 08:30:00,51.44,84.5
2025-11-18 08:45:00,51.44,84.5
2025-11-18 09:00:00,51.26,84.7
2025-11-18 09:15:00,51.26,84.6
2025-11-18 09:30:00,51.26,87
2025-11-18 09:45:00,51.26,84.8
2025-11-18 10:00:00,51.26,85.5
2025-11-18 10:15:00,51.26,85.5
2025-11-18 10:30:00,51.26,85.9
2025-11-18 10:45:00,51.26,85.9
2025-11-18 11:00:00,51.26,86.3
2025-11-18 11:15:00,51.26,86.1
2025-11-18 11:30:00,51.44,86.1
2025-11-18 11:45:00,51.44,86.4
2025-11-18 12:00:00,51.62,86.9
2025-11-18 12:15:00,51.8,87.1
2025-11-18 12:30:00,51.98,86.9
2025-11-18 12:45:00,52.16,86.4
2025-11-18 13:00:00,52.34,86.7
2025-11-18 13:15:00,52.52,87.6
2025-11-18 13:30:00,52.7,88.2
2025-11-18 13:45:00,52.7,87.3
2025-11-18 14:00:00,52.88,88
2025-11-18 14:15:00,52.88,87.5
2025-11-18 14:30:00,53.06,87.6
2025-11-18 14:45:00,53.06,87.4
2025-11-18 15:00:00,53.06,86.9
2025-11-18 15:15:00,53.06,87.5
2025-11-18 15:30:00,53.06,87.6
2025-11-18 15:45:00,53.24,88.1
2025-11-18 16:00:00,53.24,87.8
2025-11-18 16:15:00,53.06,88
2025-11-18 16:30:00,53.06,88.3
2025-11-18 16:45:00,53.24,88.6
2025-11-18 17:00:00,53.42,89.5
2025-11-18 17:15:00,53.42,88.8
2025-11-18 17:30:00,53.42,87.9
2025-11-18 17:45:00,53.42,87.3
2025-11-18 18:00:00,53.24,87.9
2025-11-18 18:15:00,53.42,88.3
2025-11-18 18:30:00,53.24,88.4
2025-11-18 18:45:00,53.24,88.4
2025-11-18 19:00:00,53.24,89.4
2025-11-18 19:15:00,53.24,88.6
2025-11-18 19:30:00,53.24,88.2
2025-11-18 19:45:00,53.06,88.9
2025-11-18 20:00:00,53.24,89
2025-11-18 20:15:00,53.06,89.1
2025-11-18 20:30:00,53.06,89.6
2025-11-18 20:45:00,53.06,88.9
2025-11-18 21:00:00,53.06,88.7
2025-11-18 21:15:00,53.06,88.7
2025-11-18 21:30:00,53.06,89.7
2025-11-18 21:45:00,53.06,89.8
2025-11-18 22:00:00,53.06,90.2
2025-11-18 22:15:00,52.88,89.9
2025-11-18 22:30:00,53.06,90.1
2025-11-18 22:45:00,53.06,90
2025-11-18 23:00:00,53.06,90.8
2025-11-18 23:15:00,52.88,90.8
2025-11-18 23:30:00,52.88,90.1
2025-11-18 23:45:00,52.88,90.5
2025-11-19 00:00:00,52.88,90.5
2025-11-19 00:15:00,52.7,90.9
2025-11-19 00:30:00,52.7,90.7
2025-11-19 00:45:00,52.52,90.8
2025-11-19 01:00:00,52.52,90.9
2025-11-19 01:15:00,52.52,90.1
2025-11-19 01:30:00,52.34,90.1
2025-11-19 01:45:00,52.34,89.5
2025-11-19 02:00:00,52.34,89.7
2025-11-19 02:15:00,52.34,90
2025-11-19 02:30:00,52.16,90.5
2025-11-19 02:45:00,52.16,90.1
2025-11-19 03:00:00,52.16,90.1
2025-11-19 03:15:00,51.98,89.6
2025-11-19 03:30:00,51.98,89.6
2025-11-19 03:45:00,51.98,90.2
2025-11-19 04:00:00,51.8,90.1
2025-11-19 04:15:00,51.8,89.7
2025-11-19 04:30:00,51.8,89.2
2025-11-19 04:45:00,51.62,89.9
2025-11-19 05:00:00,51.62,90.2
2025-11-19 05:15:00,51.62,90.2
2025-11-19 05:30:00,51.62,90.1
2025-11-19 05:45:00,51.62,90.6
2025-11-19 06:00:00,51.62,91
2025-11-19 06:15:00,51.44,90.3
2025-11-19 06:30:00,51.26,91.1
2025-11-19 06:45:00,51.26,89.2
2025-11-19 07:00:00,51.26,89.1
2025-11-19 07:15:00,51.26,89.4
2025-11-19 07:30:00,51.26,90
2025-11-19 07:45:00,51.08,89.5
2025-11-19 08:00:00,51.08,89.1
2025-11-19 08:15:00,50.9,89.9
2025-11-19 08:30:00,50.9,89.6
2025-11-19 08:45:00,50.9,89.6
2025-11-19 09:00:00,50.9,90.1
2025-11-19 09:15:00,50.9,90
2025-11-19 09:30:00,50.72,90.6
2025-11-19 09:45:00,50.9,89.5
2025-11-19 10:00:00,50.72,89.1
2025-11-19 10:15:00,50.9,89.4
2025-11-19 10:30:00,50.9,89.4
2025-11-19 10:45:00,50.9,89.5
2025-11-19 11:00:00,50.9,89.3
2025-11-19 11:15:00,50.9,90
2025-11-19 11:30:00,50.9,89.1
2025-11-19 11:45:00,50.9,90.4
2025-11-19 12:00:00,51.08,89.5
2025-11-19 12:15:00,51.08,89.9
2025-11-19 12:30:00,51.08,90.4
2025-11-19 12:45:00,51.26,90.1
2025-11-19 13:00:00,51.26,90.6
2025-11-19 13:15:00,51.26,90.4
2025-11-19 13:30:00,51.44,90.1
2025-11-19 13:45:00,51.44,90
2025-11-19 14:00:00,51.62,90.2
2025-11-19 14:15:00,51.62,90.1
2025-11-19 14:30:00,51.62,90.3
2025-11-19 14:45:00,51.8,90.3
2025-11-19 15:00:00,51.8,90.3
2025-11-19 15:15:00,51.8,90.5
2025-11-19 15:30:00,51.98,90.3
2025-11-19 15:45:00,51.98,90.7
2025-11-19 16:00:00,51.98,90.5
2025-11-19 16:15:00,51.98,90.3
2025-11-19 16:30:00,51.98,90.1
2025-11-19 16:45:00,52.16,90.4
2025-11-19 17:00:00,52.16,90.3
2025-11-19 17:15:00,52.16,90.3
2025-11-19 17:30:00,52.16,90.3
2025-11-19 17:45:00,52.16,90.4
2025-11-19 18:00:00,52.16,90.2
2025-11-19 18:15:00,52.16,90.3
2025-11-19 18:30:00,52.16,90.2
2025-11-19 18:45:00,52.16,90.6
2025-11-19 19:00:00,52.16,90.2
2025-11-19 19:15:00,52.16,90.3
2025-11-19 19:30:00,52.16,90.2
2025-11-19 19:45:00,52.16,90.6
2025-11-19 20:00:00,52.16,90
2025-11-19 20:15:00,51.98,90.1
2025-11-19 20:30:00,52.16,90.1
2025-11-19 20:45:00,51.98,90.2
2025-11-19 21:00:00,52.16,90.3
2025-11-19 21:15:00,52.16,90.1
2025-11-19 21:30:00,52.16,90.3
2025-11-19 21:45:00,52.16,90.4
2025-11-19 22:00:00,52.16,90.1
2025-11-19 22:15:00,52.16,90.3
2025-11-19 22:30:00,52.16,90
2025-11-19 22:45:00,52.16,90.4
2025-11-19 23:00:00,52.16,90.1
2025-11-19 23:15:00,52.16,90.2
2025-11-19 23:30:00,52.16,90
2025-11-19 23:45:00,52.16,90
2025-11-20 00:00:00,52.16,90.2
2025-11-20 00:15:00,52.34,90.1
2025-11-20 00:30:00,52.34,90.3
2025-11-20 00:45:00,52.34,90.2
2025-11-20 01:00:00,52.34,90.2
2025-11-20 01:15:00,52.34,90.4
2025-11-20 01:30:00,52.34,90.3
2025-11-20 01:45:00,52.34,90.2
2025-11-20 02:00:00,52.34,90.2
2025-11-20 02:15:00,52.34,90.1
2025-11-20 02:30:00,52.52,90.1
2025-11-20 02:45:00,52.52,90.4
2025-11-20 03:00:00,52.52,90.4
2025-11-20 03:15:00,52.7,90.1
2025-11-20 03:30:00,52.7,90.3
2025-11-20 03:45:00,52.7,90.3
2025-11-20 04:00:00,52.7,90.3
2025-11-20 04:15:00,52.7,90.5
2025-11-20 04:30:00,52.7,90.3
2025-11-20 04:45:00,52.7,90.4
2025-11-20 05:00:00,52.7,90.2
2025-11-20 05:15:00,52.7,90.3
2025-11-20 05:30:00,52.7,91.1
2025-11-20 05:45:00,52.7,90.5
2025-11-20 06:00:00,52.7,90.2
2025-11-20 06:15:00,52.7,90.3
2025-11-20 06:30:00,52.7,90.4
2025-11-20 06:45:00,52.7,90.4
2025-11-20 07:00:00,52.7,90.3
2025-11-20 07:15:00,52.7,90.4
2025-11-20 07:30:00,52.88,90.2
2025-11-20 07:45:00,52.7,90.5
2025-11-20 08:00:00,52.7,90.5
2025-11-20 08:15:00,52.88,90.5
2025-11-20 08:30:00,52.88,90.7
2025-11-20 08:45:00,52.88,90.4
2025-11-20 09:00:00,52.88,90.8
2025-11-20 09:15:00,53.06,90.3
2025-11-20 09:30:00,53.06,90.8
2025-11-20 09:45:00,53.06,91
2025-11-20 10:00:00,53.24,90.8
2025-11-20 10:15:00,53.24,90.4
2025-11-20 10:30:00,53.24,90.8
2025-11-20 10:45:00,53.42,91
2025-11-20 11:00:00,53.42,91.2
2025-11-20 11:15:00,53.42,90.8
2025-11-20 11:30:00,53.6,90.8
2025-11-20 11:45:00,53.6,90.6
2025-11-20 12:00:00,53.78,90.9
2025-11-20 12:15:00,53.96,90.6
2025-11-20 12:30:00,53.96,90.9
2025-11-20 12:45:00,54.14,90.9
2025-11-20 13:00:00,54.14,91.1
2025-11-20 13:15:00,54.32,91.1
2025-11-20 13:30:00,54.5,91.3
2025-11-20 13:45:00,54.5,91.6
2025-11-20 14:00:00,54.68,91.7
2025-11-20 14:15:00,54.86,91.6
2025-11-20 14:30:00,55.22,91.8
2025-11-20 14:45:00,55.4,91.8
2025-11-20 15:00:00,55.58,91.9
2025-11-20 15:15:00,55.76,91.6
2025-11-20 15:30:00,55.94,91.8
2025-11-20 15:45:00,56.12,91.7
2025-11-20 16:00:00,56.12,91.7
2025-11-20 16:15:00,56.3,91.6
2025-11-20 16:30:00,56.3,91.5
2025-11-20 16:45:00,56.3,91.6
2025-11-20 17:00:00,56.3,91.5
2025-11-20 17:15:00,56.3,91.6
2025-11-20 17:30:00,56.3,91.5
2025-11-20 17:45:00,56.3,91.3
2025-11-20 18:00:00,56.3,91.3
2025-11-20 18:15:00,56.12,91.4
2025-11-20 18:30:00,56.12,91.2
2025-11-20 18:45:00,56.12,91.2
2025-11-20 19:00:00,56.12,91.3
2025-11-20 19:15:00,56.12,91.3
2025-11-20 19:30:00,56.12,91.2
2025-11-20 19:45:00,56.12,91.1
2025-11-20 20:00:00,56.12,91.1
2025-11-20 20:15:00,56.12,91
2025-11-20 20:30:00,56.12,91.1
2025-11-20 20:45:00,56.12,91
2025-11-20 21:00:00,56.12,91.2
2025-11-20 21:15:00,56.12,91.2
2025-11-20 21:30:00,56.12,91.2
2025-11-20 21:45:00,56.12,91.3
2025-11-20 22:00:00,56.12,91.2
2025-11-20 22:15:00,55.94,91
2025-11-20 22:30:00,55.94,91.1
2025-11-20 22:45:00,55.94,91.2
2025-11-20 23:00:00,55.94,91.2
2025-11-20 23:15:00,55.94,91.1
2025-11-20 23:30:00,55.94,91.3
2025-11-20 23:45:00,55.94,91.3
2025-11-21 00:00:00,55.94,91.3
2025-11-21 00:15:00,55.76,91.1
2025-11-21 00:30:00,55.76,91
2025-11-21 00:45:00,55.76,91.1
2025-11-21 01:00:00,55.76,91
2025-11-21 01:15:00,55.76,91.1
2025-11-21 01:30:00,55.76,91
2025-11-21 01:45:00,55.76,91
2025-11-21 02:00:00,55.76,90.9
2025-11-21 02:15:00,55.76,91
2025-11-21 02:30:00,55.76,91.1
2025-11-21 02:45:00,55.76,91.1
2025-11-21 03:00:00,55.58,91
2025-11-21 03:15:00,55.58,90.9
2025-11-21 03:30:00,55.58,91
2025-11-21 03:45:00,55.58,91.2
2025-11-21 04:00:00,55.58,91
2025-11-21 04:15:00,55.58,91.1
2025-11-21 04:30:00,55.58,91
2025-11-21 04:45:00,55.4,91
2025-11-21 05:00:00,55.4,91
2025-11-21 05:15:00,55.58,91.1
2025-11-21 05:30:00,55.4,91.1
2025-11-21 05:45:00,55.4,91.1
2025-11-21 06:00:00,55.4,91.1
2025-11-21 06:15:00,55.58,91.2
2025-11-21 06:30:00,55.4,91.3
2025-11-21 06:45:00,55.4,91.5
2025-11-21 07:00:00,55.4,91.1
2025-11-21 07:15:00,55.4,91.1
2025-11-21 07:30:00,55.4,91.1
2025-11-21 07:45:00,55.4,91.2
2025-11-21 08:00:00,55.4,91.2
2025-11-21 08:15:00,55.4,91.4
2025-11-21 08:30:00,55.4,91.3
2025-11-21 08:45:00,55.4,91.6
2025-11-21 09:00:00,55.4,92.2
2025-11-21 09:15:00,55.4,91.9
2025-11-21 09:30:00,55.4,91.5
2025-11-21 09:45:00,55.4,91.4
2025-11-21 10:00:00,55.4,91.6
2025-11-21 10:15:00,55.4,92
2025-11-21 10:30:00,55.58,91.7
2025-11-21 10:45:00,55.58,92
2025-11-21 11:00:00,55.58,92
2025-11-21 11:15:00,55.58,92.4
2025-11-21 11:30:00,55.76,92.5
2025-11-21 11:45:00,55.76,92.2
2025-11-21 12:00:00,55.94,92.9
2025-11-21 12:15:00,55.94,92.3
2025-11-21 12:30:00,56.12,92.6
2025-11-21 12:45:00,56.12,92
2025-11-21 13:00:00,56.12,92
2025-11-21 13:15:00,56.12,92.2
2025-11-21 13:30:00,56.3,91.9
2025-11-21 13:45:00,56.3,92.2
2025-11-21 14:00:00,56.3,92.5
2025-11-21 14:15:00,56.48,92.1
2025-11-21 14:30:00,56.48,92.2
2025-11-21 14:45:00,56.48,92.2
2025-11-21 15:00:00,56.48,92
2025-11-21 15:15:00,56.66,92
2025-11-21 15:30:00,56.66,92
2025-11-21 15:45:00,56.66,92.3
2025-11-21 16:00:00,56.66,92.2
2025-11-21 16:15:00,56.66,92.2
2025-11-21 16:30:00,56.66,92
2025-11-21 16:45:00,56.66,92.3
2025-11-21 17:00:00,56.66,92
2025-11-21 17:15:00,56.66,92.3
2025-11-21 17:30:00,56.66,92.3
2025-11-21 17:45:00,56.66,92.4
2025-11-21 18:00:00,56.66,93.1
2025-11-21 18:15:00,56.48,92.4
2025-11-21 18:30:00,56.48,92.9
2025-11-21 18:45:00,56.48,92.4
2025-11-21 19:00:00,56.48,92
2025-11-21 19:15:00,56.3,92
2025-11-21 19:30:00,56.3,92.7
2025-11-21 19:45:00,56.3,93.1
2025-11-21 20:00:00,56.3,93.3
2025-11-21 20:15:00,56.3,93.4
2025-11-21 20:30:00,56.3,93.5
2025-11-21 20:45:00,56.3,93.5
2025-11-21 21:00:00,56.12,93.6
2025-11-21 21:15:00,56.12,93.5
2025-11-21 21:30:00,56.12,93.4
2025-11-21 21:45:00,56.12,93.4
2025-11-21 22:00:00,56.12,93.4
2025-11-21 22:15:00,55.94,93.6
2025-11-21 22:30:00,55.94,93.4
2025-11-21 22:45:00,55.94,93.4
2025-11-21 23:00:00,55.94,93.2
2025-11-21 23:15:00,55.94,93.5
2025-11-21 23:30:00,55.76,93.4
2025-11-21 23:45:00,55.76,93.2
2025-11-22 00:00:00,55.76,93.5
2025-11-22 00:15:00,55.76,92.7
2025-11-22 00:30:00,55.76,93
2025-11-22 00:45:00,55.58,93.1
2025-11-22 01:00:00,55.58,92.6
2025-11-22 01:15:00,55.58,92.7
2025-11-22 01:30:00,55.58,92.8
2025-11-22 01:45:00,55.58,93
2025-11-22 02:00:00,55.4,92.7
2025-11-22 02:15:00,55.4,92.5
2025-11-22 02:30:00,55.4,92.4
2025-11-22 02:45:00,55.4,92.4
2025-11-22 03:00:00,55.22,92.5
2025-11-22 03:15:00,55.22,92.7
2025-11-22 03:30:00,55.04,91.9
2025-11-22 03:45:00,55.04,92.2
2025-11-22 04:00:00,54.86,92.5
2025-11-22 04:15:00,54.68,92.6
2025-11-22 04:30:00,54.68,92.7
2025-11-22 04:45:00,54.5,92.8
2025-11-22 05:00:00,54.32,92.8
2025-11-22 05:15:00,54.14,92.8
2025-11-22 05:30:00,54.14,92
2025-11-22 05:45:00,54.14,92
2025-11-22 06:00:00,53.96,91.6
2025-11-22 06:15:00,53.78,91.9
2025-11-22 06:30:00,53.6,91.3
2025-11-22 06:45:00,53.42,91.4
2025-11-22 07:00:00,53.06,91.5
2025-11-22 07:15:00,52.88,91.2
2025-11-22 07:30:00,52.7,91.6
2025-11-22 07:45:00,52.52,91.7
2025-11-22 08:00:00,52.34,91.7
2025-11-22 08:15:00,52.16,92
2025-11-22 08:30:00,51.98,91.9
2025-11-22 08:45:00,51.8,92.1
2025-11-22 09:00:00,51.62,92.1
2025-11-22 09:15:00,51.62,92.1
2025-11-22 09:30:00,51.44,92.4
2025-11-22 09:45:00,51.44,92.5
2025-11-22 10:00:00,51.44,92.5
2025-11-22 10:15:00,51.44,92.6
2025-11-22 10:30:00,51.44,92.8
2025-11-22 10:45:00,51.62,92.6
2025-11-22 11:00:00,51.8,92.8
2025-11-22 11:15:00,51.8,92.3
2025-11-22 11:30:00,51.8,93
2025-11-22 11:45:00,51.8,93.1
2025-11-22 12:00:00,51.98,92.4
2025-11-22 12:15:00,52.16,92.7
2025-11-22 12:30:00,52.34,92.5
2025-11-22 12:45:00,52.34,92.6
2025-11-22 13:00:00,52.52,92.7
2025-11-22 13:15:00,52.52,93
2025-11-22 13:30:00,52.7,92.9
2025-11-22 13:45:00,52.7,93.3
2025-11-22 14:00:00,52.88,93
2025-11-22 14:15:00,53.06,93.6
2025-11-22 14:30:00,53.06,93.3
2025-11-22 14:45:00,53.06,93.7
2025-11-22 15:00:00,53.24,93.6
2025-11-22 15:15:00,53.24,93.2
2025-11-22 15:30:00,53.24,93.3
2025-11-22 15:45:00,53.24,93.1
2025-11-22 16:00:00,53.24,93
2025-11-22 16:15:00,53.42,93
2025-11-22 16:30:00,53.24,92.9
2025-11-22 16:45:00,53.24,92.8
2025-11-22 17:00:00,53.24,92.6
2025-11-22 17:15:00,53.06,92.7
2025-11-22 17:30:00,53.06,92.5
2025-11-22 17:45:00,52.88,92.3
2025-11-22 18:00:00,52.7,92.1
2025-11-22 18:15:00,52.52,92
2025-11-22 18:30:00,52.34,92.2
2025-11-22 18:45:00,52.34,92.1
2025-11-22 19:00:00,52.34,92.2
2025-11-22 19:15:00,52.16,92.3
2025-11-22 19:30:00,52.16,92.5
2025-11-22 19:45:00,52.34,92.3
2025-11-22 20:00:00,52.34,92.5
2025-11-22 20:15:00,52.34,92.2
2025-11-22 20:30:00,52.34,92.3
2025-11-22 20:45:00,52.34,92.9
2025-11-22 21:00:00,52.34,92
2025-11-22 21:15:00,52.16,92
2025-11-22 21:30:00,51.98,92
2025-11-22 21:45:00,51.98,92
2025-11-22 22:00:00,51.98,92
2025-11-22 22:15:00,51.98,92.2
2025-11-22 22:30:00,51.98,91.9
2025-11-22 22:45:00,51.98,92
2025-11-22 23:00:00,52.16,92.1
2025-11-22 23:15:00,52.16,91.9
2025-11-22 23:30:00,52.16,91.7
2025-11-22 23:45:00,51.98,91.7
2025-11-23 00:00:00,51.98,91.8
2025-11-23 00:15:00,51.8,91.6
2025-11-23 00:30:00,51.62,91.6
2025-11-23 00:45:00,51.62,91.5
2025-11-23 01:00:00,51.44,91.5
2025-11-23 01:15:00,51.26,91.4
2025-11-23 01:30:00,51.08,91.4
2025-11-23 01:45:00,51.08,91.5
2025-11-23 02:00:00,50.9,91.7
2025-11-23 02:15:00,50.9,91.6
2025-11-23 02:30:00,50.9,91.9
2025-11-23 02:45:00,50.9,91.7
2025-11-23 03:00:00,50.72,91.9
2025-11-23 03:15:00,50.9,91.6
2025-11-23 03:30:00,50.9,92.2
2025-11-23 03:45:00,50.9,92.2
2025-11-23 04:00:00,50.9,92.1
2025-11-23 04:15:00,50.9,92
2025-11-23 04:30:00,50.9,91.9
2025-11-23 04:45:00,50.9,91.5
2025-11-23 05:00:00,50.72,92.1
2025-11-23 05:15:00,50.72,91.8
2025-11-23 05:30:00,50.72,91.8
2025-11-23 05:45:00,50.54,92
2025-11-23 06:00:00,50.54,92.1
2025-11-23 06:15:00,50.36,92.2
2025-11-23 06:30:00,50.36,91.9
2025-11-23 06:45:00,50.18,92
2025-11-23 07:00:00,50.18,91.9
2025-11-23 07:15:00,50,91.7
2025-11-23 07:30:00,50,92
2025-11-23 07:45:00,49.82,91.8
2025-11-23 08:00:00,49.82,91.6
2025-11-23 08:15:00,49.64,91.9
2025-11-23 08:30:00,49.46,91.9
2025-11-23 08:45:00,49.46,91.7
2025-11-23 09:00:00,49.46,92.6
2025-11-23 09:15:00,49.46,92.8
2025-11-23 09:30:00,49.64,92.6
2025-11-23 09:45:00,49.82,92.5
2025-11-23 10:00:00,50,92.5
2025-11-23 10:15:00,50.36,92.7
2025-11-23 10:30:00,50.54,92.6
2025-11-23 10:45:00,50.72,92.8
2025-11-23 11:00:00,50.9,92.9
2025-11-23 11:15:00,51.08,93
2025-11-23 11:30:00,51.08,92.2
2025-11-23 11:45:00,51.26,92.7
2025-11-23 12:00:00,51.44,92.7
2025-11-23 12:15:00,51.62,93.5
2025-11-23 12:30:00,51.8,92.9
2025-11-23 12:45:00,51.98,92.7
2025-11-23 13:00:00,52.34,92.5
2025-11-23 13:15:00,52.52,92.7
2025-11-23 13:30:00,52.7,93.4
2025-11-23 13:45:00,52.88,93.5
2025-11-23 14:00:00,53.06,93.9
2025-11-23 14:15:00,53.24,93.4
2025-11-23 14:30:00,53.42,94.3
2025-11-23 14:45:00,53.6,94.5
2025-11-23 15:00:00,53.78,94.5
2025-11-23 15:15:00,53.96,94.3
2025-11-23 15:30:00,54.14,94.7
2025-11-23 15:45:00,54.14,94.5
2025-11-23 16:00:00,54.32,94.5
2025-11-23 16:15:00,54.5,94.5
2025-11-23 16:30:00,54.5,94.5
2025-11-23 16:45:00,54.5,94.1
2025-11-23 17:00:00,54.32,93.8
2025-11-23 17:15:00,54.32,93.5
2025-11-23 17:30:00,54.32,93.3
2025-11-23 17:45:00,54.14,93.2
2025-11-23 18:00:00,53.96,93
2025-11-23 18:15:00,53.78,92.8
2025-11-23 18:30:00,53.6,92.6
2025-11-23 18:45:00,53.42,92.7
2025-11-23 19:00:00,53.24,92.5
2025-11-23 19:15:00,53.06,92.3
2025-11-23 19:30:00,52.7,92.3
2025-11-23 19:45:00,52.52,92.3
2025-11-23 20:00:00,52.34,92.3
2025-11-23 20:15:00,52.16,92.2
2025-11-23 20:30:00,52.16,92.1
2025-11-23 20:45:00,51.98,92.2
2025-11-23 21:00:00,51.8,92.1
2025-11-23 21:15:00,51.62,92.1
2025-11-23 21:30:00,51.44,92
2025-11-23 21:45:00,51.26,91.9
2025-11-23 22:00:00,51.26,92.1
2025-11-23 22:15:00,51.08,91.9
2025-11-23 22:30:00,50.9,91.7
2025-11-23 22:45:00,50.72,91.7
2025-11-23 23:00:00,50.54,91.7
2025-11-23 23:15:00,50.36,91.6
2025-11-23 23:30:00,50.36,91.5
2025-11-23 23:45:00,50.18,91.6
2025-11-24 00:00:00,50,91.5
2025-11-24 00:15:00,49.82,91.5
2025-11-24 00:30:00,49.82,91.4
2025-11-24 00:45:00,49.64,91.4
2025-11-24 01:00:00,49.46,91.3
2025-11-24 01:15:00,49.46,91.3
2025-11-24 01:30:00,49.28,91.2
2025-11-24 01:45:00,49.28,91.3
2025-11-24 02:00:00,49.1,91.2
2025-11-24 02:15:00,48.92,91.4
2025-11-24 02:30:00,48.74,91.5
2025-11-24 02:45:00,48.74,91.1
2025-11-24 03:00:00,48.56,91.3
2025-11-24 03:15:00,48.56,91.1
2025-11-24 03:30:00,48.38,91.4
2025-11-24 03:45:00,48.38,91.1
2025-11-24 04:00:00,48.2,91.2
2025-11-24 04:15:00,48.2,91.2
2025-11-24 04:30:00,48.2,90.9
2025-11-24 04:45:00,48.02,91
2025-11-24 05:00:00,48.02,91
2025-11-24 05:15:00,48.02,90.8
2025-11-24 05:30:00,47.84,90.9
2025-11-24 05:45:00,47.84,91
2025-11-24 06:00:00,47.84,91
2025-11-24 06:15:00,47.84,91.6
2025-11-24 06:30:00,47.84,91.1
2025-11-24 06:45:00,47.84,91
2025-11-24 07:00:00,47.66,91.2
2025-11-24 07:15:00,47.66,91.1
2025-11-24 07:30:00,47.66,91.5
2025-11-24 07:45:00,47.48,91.3
2025-11-24 08:00:00,47.48,91.3
2025-11-24 08:15:00,47.48,91.6
2025-11-24 08:30:00,47.48,91.4
2025-11-24 08:45:00,47.48,91.6
2025-11-24 09:00:00,47.48,91.7
2025-11-24 09:15:00,47.66,91.9
2025-11-24 09:30:00,47.66,92.2
2025-11-24 09:45:00,47.84,92.2
2025-11-24 10:00:00,48.02,92.3
2025-11-24 10:15:00,48.2,92.5
2025-11-24 10:30:00,48.38,92.7
2025-11-24 10:45:00,48.56,92.9
2025-11-24 11:00:00,48.74,93.1
2025-11-24 11:15:00,49.1,93.3
2025-11-24 11:30:00,49.46,93
2025-11-24 11:45:00,49.82,93.2
2025-11-24 12:00:00,50,93.7
2025-11-24 12:15:00,50.36,93
2025-11-24 12:30:00,50.54,93.1
2025-11-24 12:45:00,50.9,93.5
2025-11-24 13:00:00,51.26,93.3
2025-11-24 13:15:00,51.44,93.4
2025-11-24 13:30:00,51.8,93.4
2025-11-24 13:45:00,51.98,93.6
2025-11-24 14:00:00,52.16,93.3
2025-11-24 14:15:00,52.52,93.8
2025-11-24 14:30:00,52.7,93.8
2025-11-24 14:45:00,52.88,93.5
2025-11-24 15:00:00,53.06,94.1
2025-11-24 15:15:00,53.24,94.2
2025-11-24 15:30:00,53.42,94.3
2025-11-24 15:45:00,53.42,94.2
2025-11-24 16:00:00,53.6,94.2
2025-11-24 16:15:00,53.6,94
2025-11-24 16:30:00,53.78,94
2025-11-24 16:45:00,53.78,94.1
2025-11-24 17:00:00,53.78,94
2025-11-24 17:15:00,53.78,93.8
2025-11-24 17:30:00,53.6,93.8
2025-11-24 17:45:00,53.6,93.7
2025-11-24 18:00:00,53.6,93.6
2025-11-24 18:15:00,53.42,93.5
2025-11-24 18:30:00,53.42,93.6
2025-11-24 18:45:00,53.42,93.6
2025-11-24 19:00:00,53.24,93.6
2025-11-24 19:15:00,53.24,93.7
2025-11-24 19:30:00,53.24,93.6
2025-11-24 19:45:00,53.24,93.8
2025-11-24 20:00:00,53.24,93.7
2025-11-24 20:15:00,53.24,93.6
2025-11-24 20:30:00,53.06,93.5
2025-11-24 20:45:00,53.06,93.6
2025-11-24 21:00:00,53.06,93.7
2025-11-24 21:15:00,53.06,93.4
2025-11-24 21:30:00,53.06,93.6
2025-11-24 21:45:00,53.06,93.5
2025-11-24 22:00:00,53.06,93.5
2025-11-24 22:15:00,52.88,93.4
2025-11-24 22:30:00,52.88,93.3
2025-11-24 22:45:00,52.88,93.3
2025-11-24 23:00:00,52.88,93.4
2025-11-24 23:15:00,52.88,93.5
2025-11-24 23:30:00,52.88,93.5
2025-11-24 23:45:00,52.88,93.4
2025-11-25 00:00:00,52.88,93.3
2025-11-25 00:15:00,52.88,93.3
2025-11-25 00:30:00,52.88,93.6
2025-11-25 00:45:00,52.88,93.5
2025-11-25 01:00:00,52.88,93.4
2025-11-25 01:15:00,52.88,93.5
2025-11-25 01:30:00,52.88,93.5
2025-11-25 01:45:00,53.06,93.5
2025-11-25 02:00:00,53.06,93.6
2025-11-25 02:15:00,53.06,93.5
2025-11-25 02:30:00,53.06,93.5
2025-11-25 02:45:00,53.06,93.7
2025-11-25 03:00:00,53.06,94
2025-11-25 03:15:00,53.24,93.9
2025-11-25 03:30:00,53.24,93.8
2025-11-25 03:45:00,53.24,93.7
2025-11-25 04:00:00,53.24,93.7
2025-11-25 04:15:00,53.24,93.7
2025-11-25 04:30:00,53.42,93.6
2025-11-25 04:45:00,53.42,93.5
2025-11-25 05:00:00,53.42,93.8
2025-11-25 05:15:00,53.42,93.7
2025-11-25 05:30:00,53.42,93.7
2025-11-25 05:45:00,53.42,93.8
2025-11-25 06:00:00,53.42,93.8
2025-11-25 06:15:00,53.42,93.9
2025-11-25 06:30:00,53.6,93.4
2025-11-25 06:45:00,53.6,93.8
2025-11-25 07:00:00,53.6,93.8
2025-11-25 07:15:00,53.6,93.8
2025-11-25 07:30:00,53.78,93.9
2025-11-25 07:45:00,53.78,93.8
2025-11-25 08:00:00,53.96,94
2025-11-25 08:15:00,53.96,94
2025-11-25 08:30:00,53.96,94.1
2025-11-25 08:45:00,53.96,94
2025-11-25 09:00:00,54.14,94.1
2025-11-25 09:15:00,54.14,94.1
2025-11-25 09:30:00,54.14,94.3
2025-11-25 09:45:00,54.32,94.2
2025-11-25 10:00:00,54.32,94.3
2025-11-25 10:15:00,54.5,94.3
2025-11-25 10:30:00,54.5,94.3
2025-11-25 10:45:00,54.68,94.5
2025-11-25 11:00:00,54.86,94.5
2025-11-25 11:15:00,55.04,94.5
2025-11-25 11:30:00,55.22,94.6
2025-11-25 11:45:00,55.58,94.5
2025-11-25 12:00:00,55.76,94.7
2025-11-25 12:15:00,55.94,94.9
2025-11-25 12:30:00,56.12,94.9
2025-11-25 12:45:00,56.48,94.9
2025-11-25 13:00:00,56.66,94.8
2025-11-25 13:15:00,56.84,95
2025-11-25 13:30:00,56.84,94.9
2025-11-25 13:45:00,57.02,94.8
2025-11-25 14:00:00,57.02,94.7
2025-11-25 14:15:00,57.2,94.5
2025-11-25 14:30:00,57.2,94.9
2025-11-25 14:45:00,57.38,94.7
2025-11-25 15:00:00,57.38,94.9
2025-11-25 15:15:00,57.56,94.8
2025-11-25 15:30:00,57.74,95
2025-11-25 15:45:00,57.74,95
2025-11-25 16:00:00,57.74,94.8
2025-11-25 16:15:00,57.92,94.8
2025-11-25 16:30:00,57.92,94.9
2025-11-25 16:45:00,57.92,94.7
2025-11-25 17:00:00,58.1,95
2025-11-25 17:15:00,58.1,95
2025-11-25 17:30:00,58.1,94.8
2025-11-25 17:45:00,58.1,94.5
2025-11-25 18:00:00,58.28,94.2
2025-11-25 18:15:00,58.28,94.6
2025-11-25 18:30:00,58.1,94.5
2025-11-25 18:45:00,58.1,94.4
2025-11-25 19:00:00,58.1,94.3
2025-11-25 19:15:00,58.1,94.3
2025-11-25 19:30:00,58.1,94.2
2025-11-25 19:45:00,58.1,94.1
2025-11-25 20:00:00,58.28,94
2025-11-25 20:15:00,58.28,94.1
2025-11-25 20:30:00,58.28,94.1
2025-11-25 20:45:00,58.28,94.1
2025-11-25 21:00:00,58.28,93.9
2025-11-25 21:15:00,58.28,94.1
2025-11-25 21:30:00,58.28,93.9
2025-11-25 21:45:00,58.1,94
2025-11-25 22:00:00,58.1,94
2025-11-25 22:15:00,58.1,93.8
2025-11-25 22:30:00,57.92,93.7
2025-11-25 22:45:00,57.92,93.7
2025-11-25 23:00:00,57.92,93.6
2025-11-25 23:15:00,57.92,93.7
2025-11-25 23:30:00,57.92,93.4
2025-11-25 23:45:00,57.74,93.6
2025-11-26 00:00:00,57.74,93.4
2025-11-26 00:15:00,57.74,93.4
2025-11-26 00:30:00,57.74,93.4
2025-11-26 00:45:00,57.74,93.3
2025-11-26 01:00:00,57.56,93.2
2025-11-26 01:15:00,57.56,93.1
2025-11-26 01:30:00,57.56,92.6
2025-11-26 01:45:00,57.56,92.7
2025-11-26 02:00:00,57.56,93.7
2025-11-26 02:15:00,57.38,93.6
2025-11-26 02:30:00,57.2,92.7
2025-11-26 02:45:00,57.02,92.8
2025-11-26 03:00:00,56.84,92.6
2025-11-26 03:15:00,56.48,92.4
2025-11-26 03:30:00,56.3,92.2
2025-11-26 03:45:00,56.12,92.6
2025-11-26 04:00:00,55.94,92.1
2025-11-26 04:15:00,55.58,92.3
2025-11-26 04:30:00,55.22,92.2
2025-11-26 04:45:00,54.86,92.2
2025-11-26 05:00:00,54.68,92.2
2025-11-26 05:15:00,54.5,92.1
2025-11-26 05:30:00,54.32,92
2025-11-26 05:45:00,54.14,92.1
2025-11-26 06:00:00,53.96,92.2
2025-11-26 06:15:00,53.78,91.7
2025-11-26 06:30:00,53.6,92.3
2025-11-26 06:45:00,53.42,92.2
2025-11-26 07:00:00,53.24,92
2025-11-26 07:15:00,53.06,92
2025-11-26 07:30:00,52.88,92
2025-11-26 07:45:00,52.7,92.2
2025-11-26 08:00:00,52.52,92.1
2025-11-26 08:15:00,52.34,92.1
2025-11-26 08:30:00,52.16,91.8
2025-11-26 08:45:00,51.98,92.1
2025-11-26 09:00:00,51.8,92.1
2025-11-26 09:15:00,51.8,92.3
2025-11-26 09:30:00,51.62,92.2
2025-11-26 09:45:00,51.44,92
2025-11-26 10:00:00,51.44,92
2025-11-26 10:15:00,51.44,92.3
2025-11-26 10:30:00,51.26,92.2
2025-11-26 10:45:00,51.26,91.9
2025-11-26 11:00:00,51.26,92.2
2025-11-26 11:15:00,51.08,92.4
2025-11-26 11:30:00,51.08,92.1
2025-11-26 11:45:00,50.9,92.1
2025-11-26 12:00:00,50.9,92.1
2025-11-26 12:15:00,50.9,91.9
2025-11-26 12:30:00,50.9,92
2025-11-26 12:45:00,50.72,92
2025-11-26 13:00:00,50.54,91.9
2025-11-26 13:15:00,50.54,91.9
2025-11-26 13:30:00,50.54,92.1
2025-11-26 13:45:00,50.36,92
2025-11-26 14:00:00,50.36,91.7
2025-11-26 14:15:00,50.18,91.8
2025-11-26 14:30:00,50.18,91.6
2025-11-26 14:45:00,50,91.9
2025-11-26 15:00:00,50,91.7
2025-11-26 15:15:00,49.82,91.8
2025-11-26 15:30:00,49.64,91.8
2025-11-26 15:45:00,49.46,91.7
2025-11-26 16:00:00,49.46,91.8
2025-11-26 16:15:00,49.28,91.5
2025-11-26 16:30:00,49.28,91.7
2025-11-26 16:45:00,49.1,92.1
2025-11-26 17:00:00,48.92,91.9
2025-11-26 17:15:00,48.92,91.8
2025-11-26 17:30:00,48.74,91.8
2025-11-26 17:45:00,48.56,91.6
2025-11-26 18:00:00,48.56,92
2025-11-26 18:15:00,48.38,91.9
2025-11-26 18:30:00,48.38,91.5
2025-11-26 18:45:00,48.2,92.1
2025-11-26 19:00:00,48.2,91.7
2025-11-26 19:15:00,48.02,91.8
2025-11-26 19:30:00,47.84,91.5
2025-11-26 19:45:00,47.66,91.5
2025-11-26 20:00:00,47.48,91.5
2025-11-26 20:15:00,47.3,91.4
2025-11-26 20:30:00,47.3,91.6
2025-11-26 20:45:00,46.94,91.7
2025-11-26 21:00:00,46.76,91.3
2025-11-26 21:15:00,46.58,91.2
2025-11-26 21:30:00,46.4,91.4
2025-11-26 21:45:00,46.22,91.4
2025-11-26 22:00:00,46.22,91.4
2025-11-26 22:15:00,46.04,91.3
2025-11-26 22:30:00,45.86,91.4
2025-11-26 22:45:00,45.86,91.3
2025-11-26 23:00:00,45.68,91.5
2025-11-26 23:15:00,45.68,91.6
2025-11-26 23:30:00,45.5,91.5
2025-11-26 23:45:00,45.32,91.5
2025-11-27 00:00:00,45.14,91.4
2025-11-27 00:15:00,45.14,91.8
2025-11-27 00:30:00,44.96,91.7
2025-11-27 00:45:00,44.96,91.6
2025-11-27 01:00:00,44.96,91.7
2025-11-27 01:15:00,44.78,91.9
2025-11-27 01:30:00,44.78,91.4
2025-11-27 01:45:00,44.6,91.9
2025-11-27 02:00:00,44.42,91.8
2025-11-27 02:15:00,44.24,91.2
2025-11-27 02:30:00,44.06,91.4
2025-11-27 02:45:00,43.88,91.4
2025-11-27 03:00:00,43.88,91.4
2025-11-27 03:15:00,43.88,91.4
2025-11-27 03:30:00,43.7,91.6
2025-11-27 03:45:00,43.52,91.1
2025-11-27 04:00:00,43.52,91.1
2025-11-27 04:15:00,43.34,91.7
2025-11-27 04:30:00,43.34,91.6
2025-11-27 04:45:00,43.34,91.3
2025-11-27 05:00:00,43.34,91.7
2025-11-27 05:15:00,43.34,91.2
2025-11-27 05:30:00,43.34,91.3
2025-11-27 05:45:00,43.34,91.5
2025-11-27 06:00:00,43.34,91.4
2025-11-27 06:15:00,43.34,91.3
2025-11-27 06:30:00,43.34,91.4
2025-11-27 06:45:00,43.16,91.2
2025-11-27 07:00:00,43.16,91.7
2025-11-27 07:15:00,42.98,91.7
2025-11-27 07:30:00,42.98,91.7
2025-11-27 07:45:00,42.98,91.2
2025-11-27 08:00:00,42.98,91.2
2025-11-27 08:15:00,42.98,91.5
2025-11-27 08:30:00,42.8,91.8
2025-11-27 08:45:00,42.8,91.7
2025-11-27 09:00:00,42.8,91.9
2025-11-27 09:15:00,42.8,91.3
2025-11-27 09:30:00,42.8,91.9
2025-11-27 09:45:00,42.62,91.6
2025-11-27 10:00:00,42.62,91.7
2025-11-27 10:15:00,42.62,91.5
2025-11-27 10:30:00,42.62,91.6
2025-11-27 10:45:00,42.62,91.8
2025-11-27 11:00:00,42.62,91.9
2025-11-27 11:15:00,42.62,91.9
2025-11-27 11:30:00,42.62,91.4
2025-11-27 11:45:00,42.44,91.6
2025-11-27 12:00:00,42.44,91.7
2025-11-27 12:15:00,42.44,91.7
2025-11-27 12:30:00,42.62,91.2
2025-11-27 12:45:00,42.62,92
2025-11-27 13:00:00,42.62,91.7
2025-11-27 13:15:00,42.8,91.4
2025-11-27 13:30:00,42.8,91.9
2025-11-27 13:45:00,42.8,92.1
2025-11-27 14:00:00,42.98,91.8
2025-11-27 14:15:00,42.98,92
2025-11-27 14:30:00,43.16,92.3
2025-11-27 14:45:00,43.16,91.3
2025-11-27 15:00:00,43.16,92.1
2025-11-27 15:15:00,43.16,91.9
2025-11-27 15:30:00,43.16,91.2
2025-11-27 15:45:00,43.16,92
2025-11-27 16:00:00,43.16,92
2025-11-27 16:15:00,42.98,92
2025-11-27 16:30:00,42.98,91.9
2025-11-27 16:45:00,42.98,91.8
2025-11-27 17:00:00,42.8,92
2025-11-27 17:15:00,42.62,91.8
2025-11-27 17:30:00,42.62,91.8
2025-11-27 17:45:00,42.44,91.6
2025-11-27 18:00:00,42.44,91.7
2025-11-27 18:15:00,42.26,91.4
2025-11-27 18:30:00,42.08,91.3
2025-11-27 18:45:00,41.9,91.9
2025-11-27 19:00:00,41.9,91.4
2025-11-27 19:15:00,41.72,91.5
2025-11-27 19:30:00,41.54,91.3
2025-11-27 19:45:00,41.54,91.7
2025-11-27 20:00:00,41.36,91.6
2025-11-27 20:15:00,41.36,91.4
2025-11-27 20:30:00,41.18,91.6
2025-11-27 20:45:00,41.18,91.7
2025-11-27 21:00:00,41.18,91.2
2025-11-27 21:15:00,41.18,91.4
2025-11-27 21:30:00,41.18,91.2
2025-11-27 21:45:00,41.18,91.6
2025-11-27 22:00:00,41.18,91.4
2025-11-27 22:15:00,41.18,91.4
2025-11-27 22:30:00,41.18,91.7
2025-11-27 22:45:00,41.18,91.4
2025-11-27 23:00:00,41.18,91.4
2025-11-27 23:15:00,41.18,91.3
2025-11-27 23:30:00,41.18,91.3
2025-11-27 23:45:00,41.18,91.9
2025-11-28 00:00:00,41.18,91.3
2025-11-28 00:15:00,41.18,91.6
2025-11-28 00:30:00,41,91.8
2025-11-28 00:45:00,41,91.7
2025-11-28 01:00:00,41,91.4
2025-11-28 01:15:00,40.82,91.4
2025-11-28 01:30:00,40.82,91.3
2025-11-28 01:45:00,40.64,91.4
2025-11-28 02:00:00,40.64,91.6
2025-11-28 02:15:00,40.46,91.3
2025-11-28 02:30:00,40.28,91.3
2025-11-28 02:45:00,40.1,91.5
2025-11-28 03:00:00,40.1,91.2
2025-11-28 03:15:00,40.1,91.5
2025-11-28 03:30:00,39.92,91.4
2025-11-28 03:45:00,39.92,91.4
2025-11-28 04:00:00,39.92,91.4
2025-11-28 04:15:00,39.92,91.2
2025-11-28 04:30:00,39.74,90.7
2025-11-28 04:45:00,39.74,90.8
2025-11-28 05:00:00,39.56,91
2025-11-28 05:15:00,39.56,90.7
2025-11-28 05:30:00,39.38,90.6
2025-11-28 05:45:00,39.38,90.4
2025-11-28 06:00:00,39.38,90.6
2025-11-28 06:15:00,39.2,90.7
2025-11-28 06:30:00,39.2,90.4
2025-11-28 06:45:00,39.02,90.5
2025-11-28 07:00:00,38.84,90.4
2025-11-28 07:15:00,38.84,90.7
2025-11-28 07:30:00,38.66,90.6
2025-11-28 07:45:00,38.66,90.8
2025-11-28 08:00:00,38.48,90.7
2025-11-28 08:15:00,38.48,90.9
2025-11-28 08:30:00,38.3,90.5
2025-11-28 08:45:00,38.3,90.8
2025-11-28 09:00:00,38.12,91.1
2025-11-28 09:15:00,38.3,91.1
2025-11-28 09:30:00,38.12,91.3
2025-11-28 09:45:00,38.12,90.9
2025-11-28 10:00:00,38.3,90.7
2025-11-28 10:15:00,38.3,90.8
2025-11-28 10:30:00,38.3,91.5
2025-11-28 10:45:00,38.3,92
2025-11-28 11:00:00,38.48,91.3
2025-11-28 11:15:00,38.66,91.1
2025-11-28 11:30:00,38.66,92.1
2025-11-28 11:45:00,38.84,91.9
2025-11-28 12:00:00,38.84,92.2
2025-11-28 12:15:00,39.02,91.8
2025-11-28 12:30:00,39.2,92.1
2025-11-28 12:45:00,39.2,91.8
2025-11-28 13:00:00,39.38,92.3
2025-11-28 13:15:00,39.38,92
2025-11-28 13:30:00,39.56,91.5
2025-11-28 13:45:00,39.56,91.8
2025-11-28 14:00:00,39.56,92.6
2025-11-28 14:15:00,39.56,92.6
2025-11-28 14:30:00,39.56,93.2
2025-11-28 14:45:00,39.56,93
2025-11-28 15:00:00,39.56,92.7
2025-11-28 15:15:00,39.56,92.9
2025-11-28 15:30:00,39.56,92.8
2025-11-28 15:45:00,39.74,92.8
2025-11-28 16:00:00,39.74,92.4
2025-11-28 16:15:00,39.74,92.6
2025-11-28 16:30:00,39.74,92.6
2025-11-28 16:45:00,39.74,92.9
2025-11-28 17:00:00,39.74,92.7
2025-11-28 17:15:00,39.74,92.5
2025-11-28 17:30:00,39.74,92.2
2025-11-28 17:45:00,39.56,92.3
2025-11-28 18:00:00,39.56,92
2025-11-28 18:15:00,39.56,91.6
2025-11-28 18:30:00,39.56,91.4
2025-11-28 18:45:00,39.38,91.2
2025-11-28 19:00:00,39.38,91.1
2025-11-28 19:15:00,39.2,91.1
2025-11-28 19:30:00,39.2,91
2025-11-28 19:45:00,39.2,91
2025-11-28 20:00:00,39.02,90.8
2025-11-28 20:15:00,39.02,90.9
2025-11-28 20:30:00,38.84,90.9
2025-11-28 20:45:00,38.66,90.9
2025-11-28 21:00:00,38.66,90.7
2025-11-28 21:15:00,38.48,90.6
2025-11-28 21:30:00,38.48,90.5
2025-11-28 21:45:00,38.3,90.5
2025-11-28 22:00:00,38.12,90.9
2025-11-28 22:15:00,38.12,90.8
2025-11-28 22:30:00,37.94,90.6
2025-11-28 22:45:00,37.94,90.5
2025-11-28 23:00:00,37.76,90.6
2025-11-28 23:15:00,37.76,90.4
2025-11-28 23:30:00,37.58,90.3
2025-11-28 23:45:00,37.58,90.4
2025-11-29 00:00:00,37.4,90.8
2025-11-29 00:15:00,37.22,90.7
2025-11-29 00:30:00,37.22,90.2
2025-11-29 00:45:00,37.22,90.3
2025-11-29 01:00:00,37.22,90.5
2025-11-29 01:15:00,37.22,90.8
2025-11-29 01:30:00,37.22,90.6
2025-11-29 01:45:00,37.22,90.5
2025-11-29 02:00:00,37.04,90.8
2025-11-29 02:15:00,37.22,90.6
2025-11-29 02:30:00,37.22,90.8
2025-11-29 02:45:00,37.4,90.9
2025-11-29 03:00:00,37.4,91.1
2025-11-29 03:15:00,37.58,91
2025-11-29 03:30:00,37.58,91.1
2025-11-29 03:45:00,37.76,91
2025-11-29 04:00:00,37.76,91.1
2025-11-29 04:15:00,37.94,91
2025-11-29 04:30:00,37.94,90.9
2025-11-29 04:45:00,37.94,91
2025-11-29 05:00:00,37.94,91
2025-11-29 05:15:00,38.12,91
2025-11-29 05:30:00,38.12,91
2025-11-29 05:45:00,38.12,91
2025-11-29 06:00:00,38.3,91.3
2025-11-29 06:15:00,38.3,91.5
2025-11-29 06:30:00,38.3,91.5
2025-11-29 06:45:00,38.48,91.3
2025-11-29 07:00:00,38.48,91.3
2025-11-29 07:15:00,38.48,91.3
2025-11-29 07:30:00,38.48,91.3
2025-11-29 07:45:00,38.48,91.4
2025-11-29 08:00:00,38.66,91.5
2025-11-29 08:15:00,38.66,91.2
2025-11-29 08:30:00,38.66,91.3
2025-11-29 08:45:00,38.66,91.2
2025-11-29 09:00:00,38.66,90.9
2025-11-29 09:15:00,38.66,91.2
2025-11-29 09:30:00,38.66,91.4
2025-11-29 09:45:00,38.66,91.9
2025-11-29 10:00:00,38.66,91.4
2025-11-29 10:15:00,38.84,91.2
2025-11-29 10:30:00,38.84,91.5
2025-11-29 10:45:00,38.84,91
2025-11-29 11:00:00,38.84,91.1
2025-11-29 11:15:00,39.02,91.1
2025-11-29 11:30:00,39.02,91.3
2025-11-29 11:45:00,39.02,90.6
2025-11-29 12:00:00,39.2,91
2025-11-29 12:15:00,39.2,90.6
2025-11-29 12:30:00,39.2,91.1
2025-11-29 12:45:00,39.38,90.8
2025-11-29 13:00:00,39.38,90.8
2025-11-29 13:15:00,39.38,91.1
2025-11-29 13:30:00,39.38,91.1
2025-11-29 13:45:00,39.38,90.9
2025-11-29 14:00:00,39.38,90.8
2025-11-29 14:15:00,39.38,90.5
2025-11-29 14:30:00,39.38,90.4
2025-11-29 14:45:00,39.38,90.7
2025-11-29 15:00:00,39.38,91.4
2025-11-29 15:15:00,39.38,90.9
2025-11-29 15:30:00,39.38,90.9
2025-11-29 15:45:00,39.38,90.7
2025-11-29 16:00:00,39.38,90.8
2025-11-29 16:15:00,39.38,91.4
2025-11-29 16:30:00,39.38,90.9
2025-11-29 16:45:00,39.38,91.2
2025-11-29 17:00:00,39.38,90.9
2025-11-29 17:15:00,39.38,91.4
2025-11-29 17:30:00,39.38,91.7
2025-11-29 17:45:00,39.38,91.3
2025-11-29 18:00:00,39.38,91
2025-11-29 18:15:00,39.38,90.9
2025-11-29 18:30:00,39.38,90.8
2025-11-29 18:45:00,39.38,90.6
2025-11-29 19:00:00,39.38,90.2
2025-11-29 19:15:00,39.38,90.3
2025-11-29 19:30:00,39.56,90.5
2025-11-29 19:45:00,39.38,90.3
2025-11-29 20:00:00,39.56,90.5
2025-11-29 20:15:00,39.38,90.6
2025-11-29 20:30:00,39.56,90.9
2025-11-29 20:45:00,39.56,90.4
2025-11-29 21:00:00,39.38,90.5
2025-11-29 21:15:00,39.56,90.5
2025-11-29 21:30:00,39.56,90.7
2025-11-29 21:45:00,39.56,90.8
2025-11-29 22:00:00,39.56,90.7
2025-11-29 22:15:00,39.56,90.4
2025-11-29 22:30:00,39.56,90.6
2025-11-29 22:45:00,39.56,90.6
2025-11-29 23:00:00,39.74,90.6
2025-11-29 23:15:00,39.74,90.5
2025-11-29 23:30:00,39.74,90.8
2025-11-29 23:45:00,39.74,91
2025-11-30 00:00:00,39.92,91.2
2025-11-30 00:15:00,39.92,90.9
2025-11-30 00:30:00,39.92,90.9
2025-11-30 00:45:00,39.92,90.8
2025-11-30 01:00:00,40.1,91.1
2025-11-30 01:15:00,40.1,91.1
2025-11-30 01:30:00,40.28,91.1
2025-11-30 01:45:00,40.28,91.2
2025-11-30 02:00:00,40.46,91.2
2025-11-30 02:15:00,40.46,90.8
2025-11-30 02:30:00,40.46,90.6
2025-11-30 02:45:00,40.64,91.1
2025-11-30 03:00:00,40.64,91.2
2025-11-30 03:15:00,40.64,91.8
2025-11-30 03:30:00,40.64,91.9
2025-11-30 03:45:00,40.82,91.6
2025-11-30 04:00:00,40.82,91.4
2025-11-30 04:15:00,40.82,91.5
2025-11-30 04:30:00,40.82,91.3
2025-11-30 04:45:00,40.82,91.1
2025-11-30 05:00:00,40.82,90.9
2025-11-30 05:15:00,40.82,90.6
2025-11-30 05:30:00,40.82,91
2025-11-30 05:45:00,40.82,90.4
2025-11-30 06:00:00,40.64,90.9
2025-11-30 06:15:00,40.64,90.7
2025-11-30 06:30:00,40.64,90.6
2025-11-30 06:45:00,40.64,90.9
2025-11-30 07:00:00,40.64,91
2025-11-30 07:15:00,40.64,91.3
2025-11-30 07:30:00,40.64,90.8
2025-11-30 07:45:00,40.64,90.9
2025-11-30 08:00:00,40.46,90.5
2025-11-30 08:15:00,40.46,90.6
2025-11-30 08:30:00,40.46,90.7
2025-11-30 08:45:00,40.28,90.6
2025-11-30 09:00:00,40.28,90.4
2025-11-30 09:15:00,40.28,90.4
2025-11-30 09:30:00,40.28,90.1
2025-11-30 09:45:00,40.1,90.8
2025-11-30 10:00:00,40.1,91
2025-11-30 10:15:00,39.92,90.3
2025-11-30 10:30:00,39.92,90.6
2025-11-30 10:45:00,39.92,90.7
2025-11-30 11:00:00,39.74,91
2025-11-30 11:15:00,39.74,90.2
2025-11-30 11:30:00,39.74,90.5
2025-11-30 11:45:00,39.56,90.6
2025-11-30 12:00:00,39.56,90.3
2025-11-30 12:15:00,39.56,90.3
2025-11-30 12:30:00,39.38,90.3
2025-11-30 12:45:00,39.38,90.6
2025-11-30 13:00:00,39.2,90.3
2025-11-30 13:15:00,39.2,90.7
2025-11-30 13:30:00,39.2,90.6
2025-11-30 13:45:00,39.02,90.7
2025-11-30 14:00:00,39.02,90.7
2025-11-30 14:15:00,39.02,90.6
2025-11-30 14:30:00,39.02,90.3
2025-11-30 14:45:00,39.02,91
2025-11-30 15:00:00,39.02,91
2025-11-30 15:15:00,39.02,90.7
2025-11-30 15:30:00,39.02,91.1
2025-11-30 15:45:00,39.02,91.3
2025-11-30 16:00:00,39.02,91
2025-11-30 16:15:00,39.02,90.4
2025-11-30 16:30:00,39.02,90.8
2025-11-30 16:45:00,39.02,90.6
2025-11-30 17:00:00,38.84,90.6
2025-11-30 17:15:00,38.84,90.8
2025-11-30 17:30:00,38.84,90.6
2025-11-30 17:45:00,38.84,90.6
2025-11-30 18:00:00,38.84,91
2025-11-30 18:15:00,38.84,90.3
2025-11-30 18:30:00,39.02,90.7
2025-11-30 18:45:00,39.02,91.1
2025-11-30 19:00:00,39.02,90.8
2025-11-30 19:15:00,39.2,90.7
2025-11-30 19:30:00,39.2,90.7
2025-11-30 19:45:00,39.2,90.7
2025-11-30 20:00:00,39.2,90.5
2025-11-30 20:15:00,39.2,90.5
2025-11-30 20:30:00,39.2,90.3
2025-11-30 20:45:00,39.2,90.4
2025-11-30 21:00:00,39.2,90.5
2025-11-30 21:15:00,39.2,90
2025-11-30 21:30:00,39.2,90.2
2025-11-30 21:45:00,39.2,90.3
2025-11-30 22:00:00,39.02,90.6
2025-11-30 22:15:00,39.02,90.5
2025-11-30 22:30:00,39.02,90
2025-11-30 22:45:00,39.02,90.2
2025-11-30 23:00:00,39.02,90.3
2025-11-30 23:15:00,39.02,90.2
2025-11-30 23:30:00,38.84,90
2025-11-30 23:45:00,39.02,90
2025-12-01 00:00:00,38.84,89.9
2025-12-01 00:15:00,38.84,89.9
2025-12-01 00:30:00,38.84,89.8
2025-12-01 00:45:00,38.66,89.5
2025-12-01 01:00:00,38.66,89.5
2025-12-01 01:15:00,38.48,90.1
2025-12-01 01:30:00,38.48,89.8
2025-12-01 01:45:00,38.3,89.5
2025-12-01 02:00:00,38.3,89.5
2025-12-01 02:15:00,38.3,89.2
2025-12-01 02:30:00,38.12,89.6
2025-12-01 02:45:00,38.12,88.9
2025-12-01 03:00:00,37.94,88.8
2025-12-01 03:15:00,37.94,88.6
2025-12-01 03:30:00,37.76,88.4
2025-12-01 03:45:00,37.76,88.6
2025-12-01 04:00:00,37.58,88.7
2025-12-01 04:15:00,37.58,89.1
2025-12-01 04:30:00,37.4,88.6
2025-12-01 04:45:00,37.4,88.6
2025-12-01 05:00:00,37.4,88.5
2025-12-01 05:15:00,37.4,88.5
2025-12-01 05:30:00,37.22,88.7
2025-12-01 05:45:00,37.22,89.2
2025-12-01 06:00:00,37.22,88.6
2025-12-01 06:15:00,37.04,88.8
2025-12-01 06:30:00,37.04,88.4
2025-12-01 06:45:00,36.86,88.7
2025-12-01 07:00:00,36.86,88.6
2025-12-01 07:15:00,36.86,88.2
2025-12-01 07:30:00,36.68,88.8
2025-12-01 07:45:00,36.86,88.6
2025-12-01 08:00:00,36.86,88.8
2025-12-01 08:15:00,36.86,89.1
2025-12-01 08:30:00,36.86,89.1
2025-12-01 08:45:00,36.86,89.2
2025-12-01 09:00:00,37.04,89.6
2025-12-01 09:15:00,37.04,89.4
2025-12-01 09:30:00,37.04,90.6
2025-12-01 09:45:00,37.22,90
2025-12-01 10:00:00,37.4,89.8
2025-12-01 10:15:00,37.58,90
2025-12-01 10:30:00,37.58,90.4
2025-12-01 10:45:00,37.94,90.1
2025-12-01 11:00:00,38.12,90.4
2025-12-01 11:15:00,38.3,90.4
2025-12-01 11:30:00,38.48,90.8
2025-12-01 11:45:00,38.66,90.5
2025-12-01 12:00:00,38.84,90.9
2025-12-01 12:15:00,39.02,90.6
2025-12-01 12:30:00,39.38,90.5
2025-12-01 12:45:00,39.38,90.8
2025-12-01 13:00:00,39.56,91.1
2025-12-01 13:15:00,39.74,91.2
2025-12-01 13:30:00,39.92,90.7
2025-12-01 13:45:00,40.1,91.4
2025-12-01 14:00:00,40.28,90.9
2025-12-01 14:15:00,40.28,91.1
2025-12-01 14:30:00,40.46,91.1
2025-12-01 14:45:00,40.46,91
2025-12-01 15:00:00,40.46,91.4
2025-12-01 15:15:00,40.46,91
2025-12-01 15:30:00,40.46,90.9
2025-12-01 15:45:00,40.46,91
2025-12-01 16:00:00,40.46,90.9
2025-12-01 16:15:00,40.46,90.8
2025-12-01 16:30:00,40.46,90.8
2025-12-01 16:45:00,40.28,90.9
2025-12-01 17:00:00,40.28,90.7
2025-12-01 17:15:00,40.28,90.5
2025-12-01 17:30:00,40.28,90.3
2025-12-01 17:45:00,40.1,90.3
2025-12-01 18:00:00,40.1,90.2
2025-12-01 18:15:00,40.1,90.2
2025-12-01 18:30:00,39.92,90
2025-12-01 18:45:00,39.92,90.1
2025-12-01 19:00:00,39.92,90.1
2025-12-01 19:15:00,39.92,90.1
2025-12-01 19:30:00,39.92,90.1
2025-12-01 19:45:00,39.92,90.3
2025-12-01 20:00:00,39.74,90.4
2025-12-01 20:15:00,39.74,90.3
2025-12-01 20:30:00,39.74,90.4
2025-12-01 20:45:00,39.74,90.2
2025-12-01 21:00:00,39.74,90.3
2025-12-01 21:15:00,39.74,90.3
2025-12-01 21:30:00,39.74,90.2
2025-12-01 21:45:00,39.56,90.3
2025-12-01 22:00:00,39.74,90.4
2025-12-01 22:15:00,39.56,90.2
2025-12-01 22:30:00,39.74,90.3
2025-12-01 22:45:00,39.74,90.7
2025-12-01 23:00:00,39.74,90.7
2025-12-01 23:15:00,39.92,90.8
2025-12-01 23:30:00,39.92,90.8
2025-12-01 23:45:00,39.92,90.8
2025-12-02 00:00:00,39.92,90.8
2025-12-02 00:15:00,39.92,90.8
2025-12-02 00:30:00,39.92,90.5
2025-12-02 00:45:00,39.92,90.9
2025-12-02 01:00:00,39.92,90.8
2025-12-02 01:15:00,39.92,90.5
2025-12-02 01:30:00,39.92,90.5
2025-12-02 01:45:00,39.92,90.3
2025-12-02 02:00:00,39.74,90.4
2025-12-02 02:15:00,39.74,90.6
2025-12-02 02:30:00,39.74,90.4
2025-12-02 02:45:00,39.74,90.3
2025-12-02 03:00:00,39.74,90.7
2025-12-02 03:15:00,39.74,90.5
2025-12-02 03:30:00,39.74,90.6
2025-12-02 03:45:00,39.74,90.8
2025-12-02 04:00:00,39.92,90.6
2025-12-02 04:15:00,39.74,91.2
2025-12-02 04:30:00,39.74,91.4
2025-12-02 04:45:00,39.74,91.6
2025-12-02 05:00:00,39.56,91.6
2025-12-02 05:15:00,39.56,91.7
2025-12-02 05:30:00,39.38,91.6
2025-12-02 05:45:00,39.38,91.8
2025-12-02 06:00:00,39.38,91.8
2025-12-02 06:15:00,39.2,91.3
2025-12-02 06:30:00,39.2,91.7
2025-12-02 06:45:00,39.2,91
2025-12-02 07:00:00,39.2,91.3
2025-12-02 07:15:00,39.2,91.4
2025-12-02 07:30:00,39.2,90.8
2025-12-02 07:45:00,39.2,91
2025-12-02 08:00:00,39.2,91.1
2025-12-02 08:15:00,39.2,91.3
2025-12-02 08:30:00,39.38,91.5
2025-12-02 08:45:00,39.38,91.4
2025-12-02 09:00:00,39.38,91.6
2025-12-02 09:15:00,39.38,91.5
2025-12-02 09:30:00,39.38,91.7
2025-12-02 09:45:00,39.56,91.7
2025-12-02 10:00:00,39.56,91.4
2025-12-02 10:15:00,39.56,91.2
2025-12-02 10:30:00,39.74,91.9
2025-12-02 10:45:00,39.74,92.4
2025-12-02 11:00:00,39.92,91.3
2025-12-02 11:15:00,40.1,91.5
2025-12-02 11:30:00,40.28,91.6
2025-12-02 11:45:00,40.28,91.3
2025-12-02 12:00:00,40.46,91.2
2025-12-02 12:15:00,40.46,92
2025-12-02 12:30:00,40.46,91.2
2025-12-02 12:45:00,40.64,91.8
2025-12-02 13:00:00,40.64,91.7
2025-12-02 13:15:00,40.64,91.9
2025-12-02 13:30:00,40.64,91.6
2025-12-02 13:45:00,40.64,91.3
2025-12-02 14:00:00,40.82,91.9
2025-12-02 14:15:00,40.82,91.7
2025-12-02 14:30:00,40.82,91.5
2025-12-02 14:45:00,40.82,91.4
2025-12-02 15:00:00,41,91
2025-12-02 15:15:00,40.82,91.7
2025-12-02 15:30:00,40.82,90.8
2025-12-02 15:45:00,40.82,90.6
2025-12-02 16:00:00,40.82,90.4
2025-12-02 16:15:00,40.82,90.3
2025-12-02 16:30:00,40.82,89.8
2025-12-02 16:45:00,40.64,89.6
2025-12-02 17:00:00,40.64,89.7
2025-12-02 17:15:00,40.64,90
2025-12-02 17:30:00,40.46,90.4
2025-12-02 17:45:00,40.46,89.1
2025-12-02 18:00:00,40.28,89.8
2025-12-02 18:15:00,40.28,90.5
2025-12-02 18:30:00,40.28,89.9
2025-12-02 18:45:00,40.1,89.5
2025-12-02 19:00:00,40.1,89.7
2025-12-02 19:15:00,40.1,89.6
2025-12-02 19:30:00,39.92,89
2025-12-02 19:45:00,39.92,89.2
2025-12-02 20:00:00,39.92,89.1
2025-12-02 20:15:00,39.74,89.2
2025-12-02 20:30:00,39.74,88.5
2025-12-02 20:45:00,39.56,88.9
2025-12-02 21:00:00,39.56,88.9
2025-12-02 21:15:00,39.56,88.8
2025-12-02 21:30:00,39.74,88.8
2025-12-02 21:45:00,39.56,88.9
2025-12-02 22:00:00,39.56,88.8
2025-12-02 22:15:00,39.56,89
2025-12-02 22:30:00,39.56,89.2
2025-12-02 22:45:00,39.56,89
2025-12-02 23:00:00,39.56,89
2025-12-02 23:15:00,39.74,89.1
2025-12-02 23:30:00,39.74,89.2
2025-12-02 23:45:00,39.74,89.2
2025-12-03 00:00:00,39.74,89.3
2025-12-03 00:15:00,39.74,88.6
2025-12-03 00:30:00,39.56,88.3
2025-12-03 00:45:00,39.56,88.7
2025-12-03 01:00:00,39.38,88.8
2025-12-03 01:15:00,39.2,88.7
2025-12-03 01:30:00,39.2,87.9
2025-12-03 01:45:00,39.02,88
2025-12-03 02:00:00,38.84,88.4
2025-12-03 02:15:00,38.84,88.2
2025-12-03 02:30:00,38.66,87.4
2025-12-03 02:45:00,38.66,87.4
2025-12-03 03:00:00,38.48,87.6
2025-12-03 03:15:00,38.48,87.2
2025-12-03 03:30:00,38.48,87.9
2025-12-03 03:45:00,38.48,87.8
2025-12-03 04:00:00,38.48,88.6
2025-12-03 04:15:00,38.48,88.2
2025-12-03 04:30:00,38.3,88.4
2025-12-03 04:45:00,38.48,88.1
2025-12-03 05:00:00,38.3,88.3
2025-12-03 05:15:00,38.3,88.6
2025-12-03 05:30:00,38.3,88.3
2025-12-03 05:45:00,38.3,88.3
2025-12-03 06:00:00,38.3,88.3
2025-12-03 06:15:00,38.3,88.3
2025-12-03 06:30:00,38.3,88.2
2025-12-03 06:45:00,38.12,88.1
2025-12-03 07:00:00,38.12,87.8
2025-12-03 07:15:00,38.12,88.2
2025-12-03 07:30:00,38.12,88.2
2025-12-03 07:45:00,37.94,88
2025-12-03 08:00:00,37.94,88.2
2025-12-03 08:15:00,37.94,88.4
2025-12-03 08:30:00,37.94,88.1
2025-12-03 08:45:00,37.94,87.9
2025-12-03 09:00:00,37.94,88.1
2025-12-03 09:15:00,37.94,88.3
2025-12-03 09:30:00,37.94,88.4
2025-12-03 09:45:00,37.94,88.6
2025-12-03 10:00:00,37.76,88.6
2025-12-03 10:15:00,37.76,87.5
2025-12-03 10:30:00,37.76,88
2025-12-03 10:45:00,37.76,88.5
2025-12-03 11:00:00,37.76,88.2
2025-12-03 11:15:00,37.94,88
2025-12-03 11:30:00,37.94,88.9
2025-12-03 11:45:00,38.12,88.9
2025-12-03 12:00:00,38.12,89.1
2025-12-03 12:15:00,38.12,89.3
2025-12-03 12:30:00,38.3,88.7
2025-12-03 12:45:00,38.3,89.4
2025-12-03 13:00:00,38.48,89.3
2025-12-03 13:15:00,38.48,89.1
2025-12-03 13:30:00,38.66,88.8
2025-12-03 13:45:00,38.66,89.5
2025-12-03 14:00:00,38.66,88.9
2025-12-03 14:15:00,38.84,89
2025-12-03 14:30:00,38.84,89.1
2025-12-03 14:45:00,38.84,89.7
2025-12-03 15:00:00,39.02,89.3
2025-12-03 15:15:00,39.02,90
2025-12-03 15:30:00,39.02,89.6
2025-12-03 15:45:00,39.02,89.5
2025-12-03 16:00:00,39.02,89.9
2025-12-03 16:15:00,39.02,89.2
2025-12-03 16:30:00,39.2,89.4
2025-12-03 16:45:00,39.2,89.4
2025-12-03 17:00:00,39.2,89.9
2025-12-03 17:15:00,39.2,89.9
2025-12-03 17:30:00,39.2,89.8
2025-12-03 17:45:00,39.2,89.7
2025-12-03 18:00:00,39.2,89.7
2025-12-03 18:15:00,39.2,89.1
2025-12-03 18:30:00,39.2,88.7
2025-12-03 18:45:00,39.2,88.6
2025-12-03 19:00:00,39.02,88.9
2025-12-03 19:15:00,39.02,88.6
2025-12-03 19:30:00,39.2,89.2
2025-12-03 19:45:00,39.02,88.8
2025-12-03 20:00:00,39.02,88.7
2025-12-03 20:15:00,39.02,88.8
2025-12-03 20:30:00,39.02,89.4
2025-12-03 20:45:00,39.02,89.5
2025-12-03 21:00:00,39.02,89.8
2025-12-03 21:15:00,39.02,89.6
2025-12-03 21:30:00,39.02,89.5
2025-12-03 21:45:00,39.02,89.8
2025-12-03 22:00:00,39.2,89.8
2025-12-03 22:15:00,39.02,89.8
2025-12-03 22:30:00,39.2,89.4
2025-12-03 22:45:00,39.02,89.4
2025-12-03 23:00:00,39.02,89.9
2025-12-03 23:15:00,39.02,89.8
2025-12-03 23:30:00,39.02,89.6
2025-12-03 23:45:00,39.02,89.7
2025-12-04 00:00:00,39.02,89.9
2025-12-04 00:15:00,39.02,90.1
2025-12-04 00:30:00,39.02,90
2025-12-04 00:45:00,39.02,90.2
2025-12-04 01:00:00,39.02,90.3
2025-12-04 01:15:00,39.02,90.5
2025-12-04 01:30:00,39.02,90.5
2025-12-04 01:45:00,39.02,90.7
2025-12-04 02:00:00,39.2,90.6
2025-12-04 02:15:00,39.02,90.5
2025-12-04 02:30:00,39.2,90.7
2025-12-04 02:45:00,39.2,90.9
2025-12-04 03:00:00,39.2,91.1
2025-12-04 03:15:00,39.2,91.2
2025-12-04 03:30:00,39.2,91.3
2025-12-04 03:45:00,39.38,91.1
2025-12-04 04:00:00,39.38,91.4
2025-12-04 04:15:00,39.38,91.5
2025-12-04 04:30:00,39.2,92.1
2025-12-04 04:45:00,39.2,92.2
2025-12-04 05:00:00,39.2,92
2025-12-04 05:15:00,39.2,92.1
2025-12-04 05:30:00,39.2,92.3
2025-12-04 05:45:00,39.2,92.3
2025-12-04 06:00:00,39.2,92.2
2025-12-04 06:15:00,39.2,92.3
2025-12-04 06:30:00,39.2,92.1
2025-12-04 06:45:00,39.2,91.8
2025-12-04 07:00:00,39.02,91.6
2025-12-04 07:15:00,39.02,91.4
2025-12-04 07:30:00,38.84,91.2
2025-12-04 07:45:00,38.66,91.1
2025-12-04 08:00:00,38.66,90.8
2025-12-04 08:15:00,38.48,91.3
2025-12-04 08:30:00,38.48,91.2
2025-12-04 08:45:00,38.3,91.2
2025-12-04 09:00:00,38.3,91.2
2025-12-04 09:15:00,38.3,91.4
2025-12-04 09:30:00,38.12,90.8
2025-12-04 09:45:00,38.12,91.1
2025-12-04 10:00:00,37.94,90.9
2025-12-04 10:15:00,37.94,91.5
2025-12-04 10:30:00,37.94,91.2
2025-12-04 10:45:00,37.76,91.4
2025-12-04 11:00:00,37.76,91.8
2025-12-04 11:15:00,37.76,91.8
2025-12-04 11:30:00,37.76,91.9
2025-12-04 11:45:00,37.76,92
2025-12-04 12:00:00,37.76,92.3
2025-12-04 12:15:00,37.94,91.9
2025-12-04 12:30:00,37.94,92.4
2025-12-04 12:45:00,37.94,92.4
2025-12-04 13:00:00,38.12,92
2025-12-04 13:15:00,38.12,92.3
2025-12-04 13:30:00,38.12,92.3
2025-12-04 13:45:00,38.3,92.6
2025-12-04 14:00:00,38.3,92.5
2025-12-04 14:15:00,38.3,92.4
2025-12-04 14:30:00,38.48,92.5
2025-12-04 14:45:00,38.3,92.6
2025-12-04 15:00:00,38.48,92.2
2025-12-04 15:15:00,38.3,91.4
2025-12-04 15:30:00,38.48,91.9
2025-12-04 15:45:00,38.48,91.8
2025-12-04 16:00:00,38.3,91.9
2025-12-04 16:15:00,38.3,91
2025-12-04 16:30:00,38.3,91.3
2025-12-04 16:45:00,38.3,91.2
2025-12-04 17:00:00,38.3,91.2
2025-12-04 17:15:00,38.12,91
2025-12-04 17:30:00,38.12,90.8
2025-12-04 17:45:00,38.12,90.6
2025-12-04 18:00:00,38.12,90.7
2025-12-04 18:15:00,38.12,90.7
2025-12-04 18:30:00,38.12,90.7
2025-12-04 18:45:00,37.94,90.5
2025-12-04 19:00:00,37.94,90.3
2025-12-04 19:15:00,37.94,90.2
2025-12-04 19:30:00,37.94,90.3
2025-12-04 19:45:00,37.94,90.4
2025-12-04 20:00:00,37.94,90.4
2025-12-04 20:15:00,37.94,90.2
2025-12-04 20:30:00,37.76,90
2025-12-04 20:45:00,37.76,89.9
2025-12-04 21:00:00,37.58,89.8
2025-12-04 21:15:00,37.4,89.7
2025-12-04 21:30:00,37.4,89.9
2025-12-04 21:45:00,37.22,89.8
2025-12-04 22:00:00,37.04,89.7
2025-12-04 22:15:00,37.04,89.7
2025-12-04 22:30:00,36.86,89.6
2025-12-04 22:45:00,36.86,89.4
2025-12-04 23:00:00,36.86,89.5
2025-12-04 23:15:00,36.68,89.4
2025-12-04 23:30:00,36.5,89.3
2025-12-04 23:45:00,36.5,89.2
2025-12-05 00:00:00,36.32,89.3
2025-12-05 00:15:00,36.14,89.2
2025-12-05 00:30:00,36.14,89.2
2025-12-05 00:45:00,35.96,89.1
2025-12-05 01:00:00,35.96,89
2025-12-05 01:15:00,35.78,89.4
2025-12-05 01:30:00,35.6,89.3
2025-12-05 01:45:00,35.6,89.1
2025-12-05 02:00:00,35.42,89
2025-12-05 02:15:00,35.24,89.2
2025-12-05 02:30:00,35.06,89
2025-12-05 02:45:00,35.06,88.8
2025-12-05 03:00:00,34.88,88.7
2025-12-05 03:15:00,34.7,88.8
2025-12-05 03:30:00,34.7,88.8
2025-12-05 03:45:00,34.52,88.8
2025-12-05 04:00:00,34.52,89
2025-12-05 04:15:00,34.52,89.2
2025-12-05 04:30:00,34.34,89
2025-12-05 04:45:00,34.34,89.1
2025-12-05 05:00:00,34.34,89
2025-12-05 05:15:00,34.34,89
2025-12-05 05:30:00,34.16,89.1
2025-12-05 05:45:00,34.16,88.9
2025-12-05 06:00:00,34.16,89
2025-12-05 06:15:00,34.16,89.1
2025-12-05 06:30:00,33.98,89
2025-12-05 06:45:00,33.98,89.1
2025-12-05 07:00:00,33.98,89.1
2025-12-05 07:15:00,33.8,89
2025-12-05 07:30:00,33.8,88.9
2025-12-05 07:45:00,33.8,88.6
2025-12-05 08:00:00,33.62,88.6
2025-12-05 08:15:00,33.62,88.6
2025-12-05 08:30:00,33.62,88.6
2025-12-05 08:45:00,33.62,88.6
2025-12-05 09:00:00,33.62,88.7
2025-12-05 09:15:00,33.62,88.8
2025-12-05 09:30:00,33.8,89.1
2025-12-05 09:45:00,33.8,89.4
2025-12-05 10:00:00,33.98,89.7
2025-12-05 10:15:00,33.98,89.9
2025-12-05 10:30:00,34.34,90
2025-12-05 10:45:00,34.52,90.1
2025-12-05 11:00:00,34.7,90.2
2025-12-05 11:15:00,34.88,90.5
2025-12-05 11:30:00,35.06,90.4
2025-12-05 11:45:00,35.24,90.8
2025-12-05 12:00:00,35.6,90.9
2025-12-05 12:15:00,35.78,90.7
2025-12-05 12:30:00,35.96,91.2
2025-12-05 12:45:00,36.32,91.3
2025-12-05 13:00:00,36.68,91.4
2025-12-05 13:15:00,37.04,91.3
2025-12-05 13:30:00,37.22,91.4
2025-12-05 13:45:00,37.58,91.8
2025-12-05 14:00:00,37.76,91.9
2025-12-05 14:15:00,38.12,92.1
2025-12-05 14:30:00,38.3,91.9
2025-12-05 14:45:00,38.48,91.7
2025-12-05 15:00:00,38.66,91.9
2025-12-05 15:15:00,38.84,92.2
2025-12-05 15:30:00,38.84,91.8
2025-12-05 15:45:00,39.02,91.8
2025-12-05 16:00:00,39.02,91.8
2025-12-05 16:15:00,39.02,91.5
2025-12-05 16:30:00,39.02,91.6
2025-12-05 16:45:00,39.02,91.5
2025-12-05 17:00:00,39.02,91.4
2025-12-05 17:15:00,39.02,91.2
2025-12-05 17:30:00,39.02,91
2025-12-05 17:45:00,39.02,91
2025-12-05 18:00:00,39.02,91.1
2025-12-05 18:15:00,39.02,91
2025-12-05 18:30:00,39.02,91
2025-12-05 18:45:00,39.02,91
2025-12-05 19:00:00,39.02,91
2025-12-05 19:15:00,39.02,91
2025-12-05 19:30:00,39.02,91
2025-12-05 19:45:00,39.02,91.1
2025-12-05 20:00:00,39.2,91
2025-12-05 20:15:00,39.2,91.1
2025-12-05 20:30:00,39.2,90.9
2025-12-05 20:45:00,39.02,90.7
2025-12-05 21:00:00,39.02,90.4
2025-12-05 21:15:00,38.84,90.4
2025-12-05 21:30:00,38.66,90.2
2025-12-05 21:45:00,38.48,90.2
2025-12-05 22:00:00,38.48,90.2
2025-12-05 22:15:00,38.3,90.2
2025-12-05 22:30:00,38.3,90.3
2025-12-05 22:45:00,38.12,90.3
2025-12-05 23:00:00,38.12,90.3
2025-12-05 23:15:00,37.94,90.3
2025-12-05 23:30:00,37.94,90.3
2025-12-05 23:45:00,37.94,90.3
2025-12-06 00:00:00,37.94,90.5
2025-12-06 00:15:00,37.94,90.6
2025-12-06 00:30:00,37.94,90.7
2025-12-06 00:45:00,38.12,90.7
2025-12-06 01:00:00,38.12,90.8
2025-12-06 01:15:00,38.3,90.7
2025-12-06 01:30:00,38.3,90.7
2025-12-06 01:45:00,38.3,90.6
2025-12-06 02:00:00,38.48,90.9
2025-12-06 02:15:00,38.66,91
2025-12-06 02:30:00,38.66,90.9
2025-12-06 02:45:00,38.66,91
2025-12-06 03:00:00,38.66,91
2025-12-06 03:15:00,38.66,90.9
2025-12-06 03:30:00,38.48,90.8
2025-12-06 03:45:00,38.48,90.6
2025-12-06 04:00:00,38.48,90.7
2025-12-06 04:15:00,38.66,90.6
2025-12-06 04:30:00,38.48,90.5
2025-12-06 04:45:00,38.66,90.6
2025-12-06 05:00:00,38.66,90.9
2025-12-06 05:15:00,38.66,90.7
2025-12-06 05:30:00,38.84,90.8
2025-12-06 05:45:00,38.84,91
2025-12-06 06:00:00,39.02,91
2025-12-06 06:15:00,39.02,91.1
2025-12-06 06:30:00,39.02,91.1
2025-12-06 06:45:00,39.2,91.3
2025-12-06 07:00:00,39.2,91.3
2025-12-06 07:15:00,39.38,91.5
2025-12-06 07:30:00,39.38,91.6
2025-12-06 07:45:00,39.56,91.7
2025-12-06 08:00:00,39.56,91.7
2025-12-06 08:15:00,39.74,92
2025-12-06 08:30:00,39.74,91.9
2025-12-06 08:45:00,39.92,91.9
2025-12-06 09:00:00,39.74,91.9
2025-12-06 09:15:00,39.92,91.8
2025-12-06 09:30:00,39.92,92.1
2025-12-06 09:45:00,39.74,91.9
2025-12-06 10:00:00,39.74,91.8
2025-12-06 10:15:00,39.74,91.9
2025-12-06 10:30:00,39.74,92.1
2025-12-06 10:45:00,39.92,92.1
2025-12-06 11:00:00,39.74,91.4
2025-12-06 11:15:00,39.92,92.5
2025-12-06 11:30:00,40.28,92.8
2025-12-06 11:45:00,40.64,92.9
2025-12-06 12:00:00,41,93.3
2025-12-06 12:15:00,41.18,93.2
2025-12-06 12:30:00,41.54,93.3
2025-12-06 12:45:00,41.54,93.4
2025-12-06 13:00:00,41.72,93.3
2025-12-06 13:15:00,41.9,93.4
2025-12-06 13:30:00,42.08,93.4
2025-12-06 13:45:00,42.08,93.3
2025-12-06 14:00:00,42.26,93.4
2025-12-06 14:15:00,42.26,93.5
2025-12-06 14:30:00,42.44,93.4
2025-12-06 14:45:00,42.44,93.4
2025-12-06 15:00:00,42.44,93.4
2025-12-06 15:15:00,42.62,93.3
2025-12-06 15:30:00,42.62,93.4
2025-12-06 15:45:00,42.62,93.4
2025-12-06 16:00:00,42.62,93.2
2025-12-06 16:15:00,42.62,93.1
2025-12-06 16:30:00,42.44,93.1
2025-12-06 16:45:00,42.44,92.9
2025-12-06 17:00:00,42.44,92.7
2025-12-06 17:15:00,42.26,92.6
2025-12-06 17:30:00,42.26,92.5
2025-12-06 17:45:00,42.26,92.5
2025-12-06 18:00:00,42.26,92.5
2025-12-06 18:15:00,42.26,92.4
2025-12-06 18:30:00,42.26,92.3
2025-12-06 18:45:00,42.26,92.3
2025-12-06 19:00:00,42.26,92.2
2025-12-06 19:15:00,42.08,92.1
2025-12-06 19:30:00,42.08,92.1
2025-12-06 19:45:00,42.08,92.1
2025-12-06 20:00:00,42.08,92
2025-12-06 20:15:00,42.08,92
2025-12-06 20:30:00,42.08,92
2025-12-06 20:45:00,42.08,91.8
2025-12-06 21:00:00,41.9,91.8
2025-12-06 21:15:00,41.9,92
2025-12-06 21:30:00,42.08,91.9
2025-12-06 21:45:00,42.08,91.8
2025-12-06 22:00:00,41.9,91.8
2025-12-06 22:15:00,41.9,91.8
2025-12-06 22:30:00,41.9,91.8
2025-12-06 22:45:00,41.9,91.8
2025-12-06 23:00:00,41.72,91.7
2025-12-06 23:15:00,41.72,91.7
2025-12-06 23:30:00,41.72,91.7
2025-12-06 23:45:00,41.72,91.8
2025-12-07 00:00:00,41.72,91.9
2025-12-07 00:15:00,41.72,92
2025-12-07 00:30:00,41.72,91.9
2025-12-07 00:45:00,41.72,91.8
2025-12-07 01:00:00,41.72,91.8
2025-12-07 01:15:00,41.72,91.8
2025-12-07 01:30:00,41.9,92
2025-12-07 01:45:00,41.9,92.1
2025-12-07 02:00:00,42.08,92.3
2025-12-07 02:15:00,42.08,92.3
2025-12-07 02:30:00,42.08,92.2
2025-12-07 02:45:00,42.08,92.2
2025-12-07 03:00:00,42.08,92.1
2025-12-07 03:15:00,41.9,92.1
2025-12-07 03:30:00,41.9,92.1
2025-12-07 03:45:00,41.9,92
2025-12-07 04:00:00,41.9,92
2025-12-07 04:15:00,41.9,91.9
2025-12-07 04:30:00,41.9,92
2025-12-07 04:45:00,41.9,91.9
2025-12-07 05:00:00,41.9,92.1
2025-12-07 05:15:00,42.08,92.2
2025-12-07 05:30:00,42.08,92.2
2025-12-07 05:45:00,42.08,92.2
2025-12-07 06:00:00,42.08,92.3
2025-12-07 06:15:00,42.26,92.3
2025-12-07 06:30:00,42.26,92.2
2025-12-07 06:45:00,42.08,92.3
2025-12-07 07:00:00,42.08,92.2
2025-12-07 07:15:00,42.26,92.3
2025-12-07 07:30:00,42.08,92.3
2025-12-07 07:45:00,42.08,92.2
2025-12-07 08:00:00,42.08,92.1
2025-12-07 08:15:00,42.08,92.1
2025-12-07 08:30:00,42.08,92.3
2025-12-07 08:45:00,41.9,92.2
2025-12-07 09:00:00,41.9,92.2
2025-12-07 09:15:00,41.9,92.3
2025-12-07 09:30:00,42.08,92.4
2025-12-07 09:45:00,42.08,92.4
2025-12-07 10:00:00,42.08,92.7
2025-12-07 10:15:00,42.26,92.7
2025-12-07 10:30:00,42.26,92.8
2025-12-07 10:45:00,42.26,92.7
2025-12-07 11:00:00,42.44,92.9
2025-12-07 11:15:00,42.44,92.7
2025-12-07 11:30:00,42.44,92.8
2025-12-07 11:45:00,42.44,92.9
2025-12-07 12:00:00,42.62,92.9
2025-12-07 12:15:00,42.62,93
2025-12-07 12:30:00,42.62,93.1
2025-12-07 12:45:00,42.8,93.4
2025-12-07 13:00:00,42.8,93.2
2025-12-07 13:15:00,42.8,93.3
2025-12-07 13:30:00,42.98,93.3
2025-12-07 13:45:00,42.98,93.3
2025-12-07 14:00:00,42.98,93.4
2025-12-07 14:15:00,42.98,93.5
2025-12-07 14:30:00,42.8,93.4
2025-12-07 14:45:00,42.8,93.5
2025-12-07 15:00:00,42.98,93.6
2025-12-07 15:15:00,42.98,93.9
2025-12-07 15:30:00,42.98,93.9
2025-12-07 15:45:00,42.98,93.8
2025-12-07 16:00:00,42.98,93.7
2025-12-07 16:15:00,42.98,93.7
2025-12-07 16:30:00,42.98,93.9
2025-12-07 16:45:00,42.98,94
2025-12-07 17:00:00,42.98,94
2025-12-07 17:15:00,42.98,94
2025-12-07 17:30:00,42.8,94
2025-12-07 17:45:00,42.8,94
2025-12-07 18:00:00,42.98,94.1
2025-12-07 18:15:00,42.98,94.1
2025-12-07 18:30:00,42.98,94
2025-12-07 18:45:00,42.98,94.2
2025-12-07 19:00:00,42.98,94.1
2025-12-07 19:15:00,42.98,93.9
2025-12-07 19:30:00,42.98,94
2025-12-07 19:45:00,42.8,93.9
2025-12-07 20:00:00,42.8,93.8
2025-12-07 20:15:00,42.8,93.8
2025-12-07 20:30:00,42.62,93.8
2025-12-07 20:45:00,42.62,93.9
2025-12-07 21:00:00,42.62,93.8
2025-12-07 21:15:00,42.44,93.5
2025-12-07 21:30:00,42.44,93.5
2025-12-07 21:45:00,42.26,93.7
2025-12-07 22:00:00,42.26,93.8
2025-12-07 22:15:00,42.26,93.5
2025-12-07 22:30:00,42.08,93.5
2025-12-07 22:45:00,42.08,93.4
2025-12-07 23:00:00,41.9,93.3
2025-12-07 23:15:00,41.9,93.4
2025-12-07 23:30:00,41.9,93.2
2025-12-07 23:45:00,41.72,93.3
2025-12-08 00:00:00,41.72,93.2
2025-12-08 00:15:00,41.54,93.2
2025-12-08 00:30:00,41.54,93.1
2025-12-08 00:45:00,41.36,92.9
2025-12-08 01:00:00,41.36,93.1
2025-12-08 01:15:00,41.36,93.3
2025-12-08 01:30:00,41.18,93.3
2025-12-08 01:45:00,41,93.2
2025-12-08 02:00:00,41,93.2
2025-12-08 02:15:00,41,93.1
2025-12-08 02:30:00,40.82,93.2
2025-12-08 02:45:00,41,93.3
2025-12-08 03:00:00,41,93.2
2025-12-08 03:15:00,40.82,92.9
2025-12-08 03:30:00,40.82,93
2025-12-08 03:45:00,40.82,93
2025-12-08 04:00:00,40.64,92.7
2025-12-08 04:15:00,40.64,92.4
2025-12-08 04:30:00,40.46,92.2
2025-12-08 04:45:00,40.46,91.9
2025-12-08 05:00:00,40.46,91.8
2025-12-08 05:15:00,40.46,91.8
2025-12-08 05:30:00,40.28,92.1
2025-12-08 05:45:00,40.28,91.8
2025-12-08 06:00:00,40.1,91.8
2025-12-08 06:15:00,39.92,91.8
2025-12-08 06:30:00,39.92,91.8
2025-12-08 06:45:00,40.1,91.8
2025-12-08 07:00:00,39.92,91.8
2025-12-08 07:15:00,39.92,91.7
2025-12-08 07:30:00,39.92,91.9
2025-12-08 07:45:00,39.74,92.1
2025-12-08 08:00:00,39.74,91.9
2025-12-08 08:15:00,39.56,91.7
2025-12-08 08:30:00,39.38,91.7
2025-12-08 08:45:00,39.38,91.5
2025-12-08 09:00:00,39.2,91.5
2025-12-08 09:15:00,39.02,91.4
2025-12-08 09:30:00,39.02,91.3
2025-12-08 09:45:00,38.84,91.5
2025-12-08 10:00:00,38.84,91
2025-12-08 10:15:00,38.66,91.6
2025-12-08 10:30:00,38.66,91.4
2025-12-08 10:45:00,38.66,91.7
2025-12-08 11:00:00,38.66,91.8
2025-12-08 11:15:00,38.66,91.7
2025-12-08 11:30:00,38.66,92.1
2025-12-08 11:45:00,38.66,91.7
2025-12-08 12:00:00,38.66,91.9
2025-12-08 12:15:00,38.66,91.9
2025-12-08 12:30:00,38.84,92.3
2025-12-08 12:45:00,39.02,92.4
2025-12-08 13:00:00,39.02,92.1
2025-12-08 13:15:00,39.2,92.3
2025-12-08 13:30:00,39.38,92.4
2025-12-08 13:45:00,39.56,92.5
2025-12-08 14:00:00,39.56,92.5
2025-12-08 14:15:00,39.74,92.4
2025-12-08 14:30:00,39.74,92.9
2025-12-08 14:45:00,39.74,92.9
2025-12-08 15:00:00,39.92,92.5
2025-12-08 15:15:00,39.92,92.7
2025-12-08 15:30:00,39.92,92.7
2025-12-08 15:45:00,39.92,92.4
2025-12-08 16:00:00,39.92,92.2
2025-12-08 16:15:00,39.92,92.2
2025-12-08 16:30:00,40.1,92.4
2025-12-08 16:45:00,40.1,92.5
2025-12-08 17:00:00,40.1,92.4
2025-12-08 17:15:00,40.1,92.3
2025-12-08 17:30:00,39.92,92.1
2025-12-08 17:45:00,39.92,92
2025-12-08 18:00:00,39.92,92.1
2025-12-08 18:15:00,39.92,92
2025-12-08 18:30:00,39.92,91.8
2025-12-08 18:45:00,39.92,91.6
2025-12-08 19:00:00,39.74,91.4
2025-12-08 19:15:00,39.74,91.3
2025-12-08 19:30:00,39.56,91.2
2025-12-08 19:45:00,39.56,91.2
2025-12-08 20:00:00,39.56,91.3
2025-12-08 20:15:00,39.56,91.1
2025-12-08 20:30:00,39.38,91.1
2025-12-08 20:45:00,39.38,91.1
2025-12-08 21:00:00,39.2,90.9
2025-12-08 21:15:00,39.2,90.8
2025-12-08 21:30:00,39.2,90.9
2025-12-08 21:45:00,39.2,91.1
2025-12-08 22:00:00,39.2,91.2
2025-12-08 22:15:00,39.02,91
2025-12-08 22:30:00,39.02,90.8
2025-12-08 22:45:00,38.84,90.7
2025-12-08 23:00:00,38.84,90.7
2025-12-08 23:15:00,38.66,90.6
2025-12-08 23:30:00,38.66,90.7
2025-12-08 23:45:00,38.48,90.7
2025-12-09 00:00:00,38.48,90.6
2025-12-09 00:15:00,38.3,90.5
2025-12-09 00:30:00,38.12,90.3
2025-12-09 00:45:00,38.12,90.2
2025-12-09 01:00:00,37.94,90.1
2025-12-09 01:15:00,37.94,90.3
2025-12-09 01:30:00,37.94,90.4
2025-12-09 01:45:00,37.76,90.3
2025-12-09 02:00:00,37.76,90.4
2025-12-09 02:15:00,37.76,90.4
2025-12-09 02:30:00,37.58,90.4
2025-12-09 02:45:00,37.76,90.5
2025-12-09 03:00:00,37.58,90.5
2025-12-09 03:15:00,37.58,90.6
2025-12-09 03:30:00,37.58,90.7
2025-12-09 03:45:00,37.58,90.8
2025-12-09 04:00:00,37.58,90.9
2025-12-09 04:15:00,37.58,91
2025-12-09 04:30:00,37.76,91.2
2025-12-09 04:45:00,37.94,91.1
2025-12-09 05:00:00,37.94,91.2
2025-12-09 05:15:00,37.94,91.2
2025-12-09 05:30:00,37.94,91.3
2025-12-09 05:45:00,37.94,91.1
2025-12-09 06:00:00,37.94,91.1
2025-12-09 06:15:00,37.94,91.2
2025-12-09 06:30:00,37.94,90.9
2025-12-09 06:45:00,38.12,91.2
2025-12-09 07:00:00,38.12,91.2
2025-12-09 07:15:00,38.12,91.2
2025-12-09 07:30:00,38.12,91.2
2025-12-09 07:45:00,38.3,91.3
2025-12-09 08:00:00,38.3,91.3
2025-12-09 08:15:00,38.3,91.2
2025-12-09 08:30:00,38.3,90.9
2025-12-09 08:45:00,38.48,90.8
2025-12-09 09:00:00,38.3,90.8
2025-12-09 09:15:00,38.48,91
2025-12-09 09:30:00,38.48,91
2025-12-09 09:45:00,38.66,90.9
2025-12-09 10:00:00,38.66,91
2025-12-09 10:15:00,38.66,90.9
2025-12-09 10:30:00,38.84,91
2025-12-09 10:45:00,39.02,91.4
2025-12-09 11:00:00,39.02,90.9
2025-12-09 11:15:00,39.2,90.9
2025-12-09 11:30:00,39.2,91.5
2025-12-09 11:45:00,39.38,91.1
2025-12-09 12:00:00,39.56,91.5
2025-12-09 12:15:00,39.74,91.4
2025-12-09 12:30:00,39.74,91.7
2025-12-09 12:45:00,39.92,91.8
2025-12-09 13:00:00,39.92,92.1
2025-12-09 13:15:00,40.1,92.2
2025-12-09 13:30:00,40.28,91.8
2025-12-09 13:45:00,40.46,91.8
2025-12-09 14:00:00,40.46,92.2
2025-12-09 14:15:00,40.64,92.1
2025-12-09 14:30:00,40.64,92.6
2025-12-09 14:45:00,40.82,92.4
2025-12-09 15:00:00,40.82,92.5
2025-12-09 15:15:00,41,92.5
2025-12-09 15:30:00,41,92.4
2025-12-09 15:45:00,41.18,92.5
2025-12-09 16:00:00,41.18,92.4
2025-12-09 16:15:00,41.18,92.6
2025-12-09 16:30:00,41.18,92.7
2025-12-09 16:45:00,41.18,92.6
2025-12-09 17:00:00,41.18,92.8
2025-12-09 17:15:00,41.18,92.8
2025-12-09 17:30:00,41.18,92.8
2025-12-09 17:45:00,41.18,92.7
2025-12-09 18:00:00,41.18,92.8
2025-12-09 18:15:00,41.18,92.8
2025-12-09 18:30:00,41.36,92.9
2025-12-09 18:45:00,41.36,92.9
2025-12-09 19:00:00,41.54,93
2025-12-09 19:15:00,41.54,93.1
2025-12-09 19:30:00,41.72,93.2
2025-12-09 19:45:00,41.72,93.3
2025-12-09 20:00:00,41.9,93.2
2025-12-09 20:15:00,41.9,93.1
2025-12-09 20:30:00,41.9,92.9
2025-12-09 20:45:00,41.9,93.1
2025-12-09 21:00:00,42.08,93
2025-12-09 21:15:00,42.08,93
2025-12-09 21:30:00,42.08,93.2
2025-12-09 21:45:00,42.26,93.3
2025-12-09 22:00:00,42.26,93.3
2025-12-09 22:15:00,42.44,93.4
2025-12-09 22:30:00,42.62,93.3
2025-12-09 22:45:00,42.62,93.5
2025-12-09 23:00:00,42.8,93.4
2025-12-09 23:15:00,42.8,93.4
2025-12-09 23:30:00,42.98,93.2
2025-12-09 23:45:00,42.98,93.3
2025-12-10 00:00:00,43.16,93.5
2025-12-10 00:15:00,43.16,93.5
2025-12-10 00:30:00,43.34,93.4
2025-12-10 00:45:00,43.34,93.4
2025-12-10 01:00:00,43.52,93.4
2025-12-10 01:15:00,43.52,93.4
2025-12-10 01:30:00,43.52,93.3
2025-12-10 01:45:00,43.52,93.3
2025-12-10 02:00:00,43.7,93.5
2025-12-10 02:15:00,43.7,93.8
2025-12-10 02:30:00,43.7,93.5
2025-12-10 02:45:00,43.88,93.3
2025-12-10 03:00:00,43.88,93.4
2025-12-10 03:15:00,43.88,93.3
2025-12-10 03:30:00,43.88,93.3
2025-12-10 03:45:00,43.88,93.4
2025-12-10 04:00:00,43.88,93.5
2025-12-10 04:15:00,44.06,93.5
2025-12-10 04:30:00,44.06,93.6
2025-12-10 04:45:00,44.06,93.6
2025-12-10 05:00:00,44.06,93.6
2025-12-10 05:15:00,44.06,93.5
2025-12-10 05:30:00,44.06,93.5
2025-12-10 05:45:00,44.06,93.3
2025-12-10 06:00:00,44.06,93.3
2025-12-10 06:15:00,44.06,93.3
2025-12-10 06:30:00,44.06,93.2
2025-12-10 06:45:00,43.88,93.1
2025-12-10 07:00:00,44.06,93.3
2025-12-10 07:15:00,44.06,93.4
2025-12-10 07:30:00,44.06,93.6
2025-12-10 07:45:00,44.06,93.7
2025-12-10 08:00:00,44.24,93.7
2025-12-10 08:15:00,44.24,93.9
2025-12-10 08:30:00,44.24,93.9
2025-12-10 08:45:00,44.42,93.6
2025-12-10 09:00:00,44.42,93.9
2025-12-10 09:15:00,44.42,94.1
2025-12-10 09:30:00,44.42,94.1
2025-12-10 09:45:00,44.42,94.1
2025-12-10 10:00:00,44.42,93.4
2025-12-10 10:15:00,44.42,93.8
2025-12-10 10:30:00,44.42,93.8
2025-12-10 10:45:00,44.42,94.1
2025-12-10 11:00:00,44.42,94.2
2025-12-10 11:15:00,44.6,94.1
2025-12-10 11:30:00,44.6,94.2
2025-12-10 11:45:00,44.6,94.3
2025-12-10 12:00:00,44.6,94.2
2025-12-10 12:15:00,44.6,94.3
2025-12-10 12:30:00,44.78,94.4
2025-12-10 12:45:00,44.78,94.3
2025-12-10 13:00:00,44.78,94.5
2025-12-10 13:15:00,44.78,94.3
2025-12-10 13:30:00,44.78,94.7
2025-12-10 13:45:00,44.78,94.6
2025-12-10 14:00:00,44.78,94.4
2025-12-10 14:15:00,44.6,94.4
2025-12-10 14:30:00,44.6,94.1
2025-12-10 14:45:00,44.42,94.4
2025-12-10 15:00:00,44.42,94.4
2025-12-10 15:15:00,44.24,94.3
2025-12-10 15:30:00,44.24,94.2
2025-12-10 15:45:00,44.24,94.3
2025-12-10 16:00:00,44.06,94.5
2025-12-10 16:15:00,44.06,94
2025-12-10 16:30:00,43.88,94.2
2025-12-10 16:45:00,43.88,94
2025-12-10 17:00:00,43.7,94.1
2025-12-10 17:15:00,43.7,93.9
2025-12-10 17:30:00,43.52,94
2025-12-10 17:45:00,43.52,93.9
2025-12-10 18:00:00,43.34,93.8
2025-12-10 18:15:00,43.34,93.8
2025-12-10 18:30:00,43.16,94
2025-12-10 18:45:00,43.16,93.9
2025-12-10 19:00:00,43.16,93.8
2025-12-10 19:15:00,43.16,93.9
2025-12-10 19:30:00,42.98,93.8
2025-12-10 19:45:00,42.98,93.5
2025-12-10 20:00:00,42.98,93.6
2025-12-10 20:15:00,42.8,93.9
2025-12-10 20:30:00,42.8,93.9
2025-12-10 20:45:00,42.8,93.9
2025-12-10 21:00:00,42.8,93.6
2025-12-10 21:15:00,42.62,93.7
2025-12-10 21:30:00,42.62,93.8
2025-12-10 21:45:00,42.62,93.6
2025-12-10 22:00:00,42.44,93.8
2025-12-10 22:15:00,42.44,93.7
2025-12-10 22:30:00,42.26,93.6
2025-12-10 22:45:00,42.26,93.4
2025-12-10 23:00:00,42.08,93.6
2025-12-10 23:15:00,41.9,93.4
2025-12-10 23:30:00,41.9,93.5
2025-12-10 23:45:00,41.72,93.3
2025-12-11 00:00:00,41.72,93.2
2025-12-11 00:15:00,41.72,93.3
2025-12-11 00:30:00,41.72,93.4
2025-12-11 00:45:00,41.72,93.5
2025-12-11 01:00:00,41.54,93.4
2025-12-11 01:15:00,41.72,93.4
2025-12-11 01:30:00,41.54,93.4
2025-12-11 01:45:00,41.54,93.4
2025-12-11 02:00:00,41.54,93.4
2025-12-11 02:15:00,41.36,93.3
2025-12-11 02:30:00,41.36,93.3
2025-12-11 02:45:00,41.36,93.5
2025-12-11 03:00:00,41.36,93.4
2025-12-11 03:15:00,41.36,93.4
2025-12-11 03:30:00,41.36,93.3
2025-12-11 03:45:00,41.36,93.5
2025-12-11 04:00:00,41.36,93.4
2025-12-11 04:15:00,41.36,93.4
2025-12-11 04:30:00,41.36,93.4
2025-12-11 04:45:00,41.18,93.4
2025-12-11 05:00:00,41.18,93.3
2025-12-11 05:15:00,41.18,93.3
2025-12-11 05:30:00,41.18,93.4
2025-12-11 05:45:00,41,93.3
2025-12-11 06:00:00,41,93.2
2025-12-11 06:15:00,41,93.2
2025-12-11 06:30:00,41,93.2
2025-12-11 06:45:00,41,93.3
2025-12-11 07:00:00,41.18,93.2
2025-12-11 07:15:00,41.18,93.2
2025-12-11 07:30:00,41.18,93.2
2025-12-11 07:45:00,41.18,93.2
2025-12-11 08:00:00,41.18,93.2
2025-12-11 08:15:00,41.18,93.2
2025-12-11 08:30:00,41.36,93.2
2025-12-11 08:45:00,41.36,93.2
2025-12-11 09:00:00,41.36,93.3
2025-12-11 09:15:00,41.36,93.5
2025-12-11 09:30:00,41.36,93.5
2025-12-11 09:45:00,41.36,93.4
2025-12-11 10:00:00,41.36,93.6
2025-12-11 10:15:00,41.36,93.5
2025-12-11 10:30:00,41.36,93.4
2025-12-11 10:45:00,41.36,93.3
2025-12-11 11:00:00,41.36,93.3
2025-12-11 11:15:00,41.36,93.3
2025-12-11 11:30:00,41.36,93.2
2025-12-11 11:45:00,41.36,93.2
2025-12-11 12:00:00,41.36,93.2
2025-12-11 12:15:00,41.36,93.2
2025-12-11 12:30:00,41.36,93.5
2025-12-11 12:45:00,41.54,93.5
2025-12-11 13:00:00,41.54,93.5
2025-12-11 13:15:00,41.54,93.5
2025-12-11 13:30:00,41.54,93.5
2025-12-11 13:45:00,41.72,93.5
2025-12-11 14:00:00,41.72,93.6
2025-12-11 14:15:00,41.72,93.7
2025-12-11 14:30:00,41.9,93.6
2025-12-11 14:45:00,41.9,93.6
2025-12-11 15:00:00,41.9,93.6
2025-12-11 15:15:00,41.72,93.5
2025-12-11 15:30:00,41.72,93.4
2025-12-11 15:45:00,41.54,93.4