Name,Date,Temperature_Fahrenheit,Relative_Humidity,Temperature_Farenheit_Edge,Relative_Humidity_Edge,Temperature_Farenheit_Difference_C-E,Relative_Humidity_C-E,Alive_or_Dead,Difference In Temperature From Empty Center,Difference In Temperature From Empty Edge,Difference In Humidity From Empty Center,Difference In Humidity From Empty Edge
WAC,2025-11-08,62.0,72.89,61.26,78.16,0.74,-5.28,1.0,7.28,6.48,10.35,15.73
WAC,2025-11-09,58.45,82.0,54.41,91.13,4.04,-9.13,1.0,18.14,14.22,14.73,23.84
WAC,2025-11-10,48.38,83.88,44.2,93.05,4.18,-9.17,1.0,19.47,15.21,16.12,25.31
WAC,2025-11-11,44.62,85.74,42.12,93.69,2.49,-7.95,1.0,15.07,12.58,16.16,24.12
WAC,2025-11-12,46.87,87.26,46.77,95.14,0.1,-7.89,1.0,6.79,6.88,14.74,22.69
WAC,2025-11-13,50.31,89.92,50.26,95.41,0.05,-5.48,1.0,7.32,7.37,16.69,22.67
WAC,2025-11-14,56.71,91.9,58.06,96.42,-1.34,-4.52,1.0,5.99,7.37,17.5,22.5
WAC,2025-11-15,68.44,88.0,69.59,95.68,-1.15,-7.67,1.0,8.2,9.37,12.13,20.09
WAC,2025-11-16,63.67,83.71,61.14,94.72,2.53,-11.01,1.0,17.06,14.71,10.84,23.03
WAC,2025-11-17,58.35,86.07,55.91,94.42,2.44,-8.35,1.0,18.3,15.91,15.5,25.03
WAC,2025-11-18,56.46,89.5,54.31,95.6,2.15,-6.1,1.0,13.55,11.35,19.27,25.66
WAC,2025-11-19,56.05,93.68,54.92,99.89,1.13,-6.21,1.0,13.01,11.93,22.38,28.41
WAC,2025-11-20,57.35,95.56,57.32,99.9,0.03,-4.34,1.0,12.32,12.3,22.25,26.11
WAC,2025-11-21,59.65,96.54,59.85,99.74,-0.19,-3.2,1.0,11.82,12.02,20.82,23.51
WAC,2025-11-22,57.61,96.71,56.63,99.88,0.98,-3.17,1.0,13.34,12.6,17.84,21.57
WAC,2025-11-23,56.38,97.92,55.9,99.9,0.48,-1.98,1.0,12.86,12.55,16.31,19.44
WAC,2025-11-24,53.67,99.9,53.67,99.9,0.0,0.0,1.0,12.22,12.16,16.66,18.07
WAC,2025-11-25,58.4,99.89,58.4,99.89,0.0,0.0,1.0,7.08,6.98,12.18,16.4
WAC,2025-11-26,54.45,98.92,52.62,99.9,1.83,-0.98,1.0,15.13,13.36,8.27,18.15
WAC,2025-11-27,47.12,97.09,45.19,99.9,1.93,-2.81,1.0,16.11,14.71,6.46,19.38
WAC,2025-11-28,43.19,95.43,41.95,99.9,1.24,-4.47,1.0,15.45,14.53,3.77,18.96
WAC,2025-11-29,42.03,95.92,41.52,99.9,0.51,-3.98,1.0,13.8,13.0,4.2,18.73
WAC,2025-11-30,42.04,96.43,41.88,99.9,0.16,-3.47,1.0,12.66,12.69,4.96,19.12
WAC,2025-12-01,40.76,95.33,40.12,99.9,0.64,-4.57,1.0,15.16,14.37,4.03,18.29
WAC,2025-12-02,42.09,95.48,41.64,99.9,0.44,-4.42,1.0,14.62,14.16,4.03,18.2
WAC,2025-12-03,40.91,95.03,39.9,99.9,1.01,-4.87,1.0,16.75,15.62,3.9,17.86
WAC,2025-12-04,41.3,94.95,40.4,99.9,0.9,-4.95,1.0,15.26,14.4,3.25,17.32
WAC,2025-12-05,38.64,94.4,38.38,99.78,0.26,-5.37,1.0,16.45,16.03,2.56,16.58
WAC,2025-12-06,42.03,95.78,42.93,99.9,-0.9,-4.12,1.0,12.13,12.48,1.91,15.53
WAC,2025-12-07,43.82,94.75,43.53,99.9,0.29,-5.15,1.0,11.46,10.79,0.02,15.26
WAC,2025-12-08,41.03,93.69,39.76,99.9,1.28,-6.21,1.0,13.58,13.42,0.62,16.24
WAC,2025-12-09,39.9,94.63,39.6,99.9,0.3,-5.27,1.0,11.18,9.88,-0.54,14.36
WAC,2025-12-10,43.85,97.66,43.95,99.9,-0.1,-2.24,1.0,8.42,7.65,0.45,14.11
WAC,2025-12-11,42.69,95.45,43.07,99.9,-0.38,-4.45,1.0,12.04,12.99,0.05,14.42
WAC,2025-12-12,42.54,95.2,42.34,99.9,0.2,-4.7,1.0,12.08,11.72,-0.92,13.3
WAC,2025-12-13,41.56,93.51,39.93,99.9,1.64,-6.39,1.0,15.86,15.02,-1.81,14.26
WAC,2025-12-14,35.65,89.56,31.75,99.45,3.9,-9.89,1.0,29.12,25.67,-1.98,15.88
WAC,2025-12-15,32.67,91.39,30.87,98.64,1.8,-7.25,1.0,21.23,19.1,-1.11,13.83
WAC,2025-12-16,37.18,94.25,36.92,99.9,0.25,-5.65,1.0,12.2,11.41,-1.21,13.48
WAC,2025-12-17,41.84,95.7,43.57,99.9,-1.73,-4.2,1.0,7.17,8.1,-2.49,12.17
WAC,2025-12-18,47.86,96.95,49.6,99.9,-1.74,-2.95,1.0,6.45,7.39,-2.18,10.98
WAC,2025-12-19,44.66,96.09,43.26,99.9,1.4,-3.81,1.0,15.85,16.13,0.08,13.68
WAC,2025-12-20,41.36,95.57,40.31,99.9,1.05,-4.33,1.0,16.15,14.81,-1.48,11.37
WAE,2025-11-08,61.26,78.16,63.71,60.08,-2.44,18.08,1.0,6.54,8.92,15.63,-2.35
WAE,2025-11-09,54.41,91.13,59.94,61.42,-5.53,29.71,1.0,14.09,19.75,23.87,-5.87
WAE,2025-11-10,44.2,93.05,52.8,59.8,-8.6,33.25,1.0,15.29,23.81,25.29,-7.95
WAE,2025-11-11,42.12,93.69,48.76,61.06,-6.64,32.62,1.0,12.58,19.22,24.1,-8.51
WAE,2025-11-12,46.77,95.14,49.82,63.49,-3.05,31.66,1.0,6.69,9.93,22.63,-8.96
WAE,2025-11-13,50.26,95.41,52.5,67.45,-2.25,27.96,1.0,7.27,9.62,22.17,-5.29
WAE,2025-11-14,58.06,96.42,57.16,71.37,0.9,25.05,1.0,7.33,6.47,22.02,-2.55
WAE,2025-11-15,69.59,95.68,68.35,72.99,1.24,22.69,1.0,9.34,8.14,19.8,-2.59
WAE,2025-11-16,61.14,94.72,65.88,66.35,-4.74,28.37,1.0,14.53,19.44,21.85,-5.33
WAE,2025-11-17,55.91,94.42,58.58,67.15,-2.67,27.26,1.0,15.86,18.58,23.84,-2.23
WAE,2025-11-18,54.31,95.6,55.38,72.66,-1.06,22.93,1.0,11.4,12.42,25.37,2.73
WAE,2025-11-19,54.92,99.89,54.48,76.56,0.44,23.32,1.0,11.88,11.48,28.58,5.09
WAE,2025-11-20,57.32,99.9,55.28,79.0,2.04,20.9,1.0,12.29,10.26,26.59,5.21
WAE,2025-11-21,59.85,99.74,58.47,81.06,1.38,18.68,1.0,12.01,10.64,24.02,4.84
WAE,2025-11-22,56.63,99.88,57.95,82.15,-1.32,17.74,1.0,12.36,13.92,21.01,3.83
WAE,2025-11-23,55.9,99.9,56.45,82.68,-0.55,17.22,1.0,12.38,13.1,18.29,2.22
WAE,2025-11-24,53.67,99.9,55.0,83.51,-1.33,16.39,1.0,12.22,13.49,16.66,1.68
WAE,2025-11-25,58.4,99.89,59.18,84.29,-0.79,15.6,1.0,7.08,7.76,12.18,0.79
WAE,2025-11-26,52.62,99.9,56.3,62.86,-3.68,37.04,1.0,13.3,17.04,9.24,-18.89
WAE,2025-11-27,45.19,99.9,49.1,64.82,-3.91,35.08,1.0,14.18,18.62,9.27,-15.7
WAE,2025-11-28,41.95,99.9,45.49,69.87,-3.54,30.03,1.0,14.2,18.07,8.24,-11.07
WAE,2025-11-29,41.52,99.9,45.17,75.16,-3.65,24.74,1.0,13.29,16.66,8.18,-6.01
WAE,2025-11-30,41.88,99.9,45.36,66.2,-3.48,33.7,1.0,12.5,16.17,8.43,-14.58
WAE,2025-12-01,40.12,99.9,44.3,74.22,-4.18,25.68,1.0,14.52,18.55,8.6,-7.38
WAE,2025-12-02,41.64,99.9,45.12,76.38,-3.48,23.52,1.0,14.18,17.64,8.45,-5.32
WAE,2025-12-03,39.9,99.9,44.28,76.95,-4.38,22.95,1.0,15.74,20.0,8.77,-5.09
WAE,2025-12-04,40.4,99.9,44.66,78.1,-4.26,21.8,1.0,14.35,18.66,8.2,-4.48
WAE,2025-12-05,38.38,99.78,43.54,79.02,-5.16,20.76,1.0,16.19,21.19,7.93,-4.18
WAE,2025-12-06,42.93,99.9,46.66,79.62,-3.73,20.28,1.0,13.04,16.21,6.03,-4.75
WAE,2025-12-07,43.53,99.9,48.3,78.21,-4.77,21.69,1.0,11.17,15.56,5.17,-6.43
WAE,2025-12-08,39.76,99.9,46.46,76.68,-6.7,23.22,1.0,12.3,20.13,6.83,-6.98
WAE,2025-12-09,39.6,99.9,45.86,76.5,-6.26,23.4,1.0,10.88,16.14,4.73,-9.04
WAE,2025-12-10,43.95,99.9,48.57,75.47,-4.62,24.43,1.0,8.52,12.27,2.69,-10.32
WAE,2025-12-11,43.07,99.9,47.39,75.35,-4.32,24.55,1.0,12.43,17.31,4.5,-10.13
WAE,2025-12-12,42.34,99.9,47.92,75.67,-5.58,24.23,1.0,11.89,17.3,3.78,-10.94
WAE,2025-12-13,39.93,99.9,47.05,74.01,-7.12,25.89,1.0,14.23,22.14,4.58,-11.63
WAE,2025-12-14,31.75,99.45,43.36,69.9,-11.61,29.55,1.0,25.22,37.28,7.92,-13.67
WAE,2025-12-15,30.87,98.64,40.7,71.33,-9.83,27.31,1.0,19.43,28.92,6.14,-13.48
WAE,2025-12-16,36.92,99.9,41.76,72.84,-7.04,27.06,1.0,11.95,22.93,4.44,-12.16
WBC,2025-11-08,63.71,60.08,62.53,55.06,1.18,5.02,1.0,8.98,7.74,-2.45,-7.38
WBC,2025-11-09,59.94,61.42,56.87,57.45,3.07,3.96,1.0,19.62,16.68,-5.85,-9.83
WBC,2025-11-10,52.8,59.8,48.53,56.23,4.27,3.57,1.0,23.89,19.54,-7.97,-11.52
WBC,2025-11-11,48.76,61.06,46.42,57.89,2.34,3.17,1.0,19.22,16.88,-8.52,-11.68
WBC,2025-11-12,49.82,63.49,49.75,59.69,0.07,3.79,1.0,9.74,9.86,-9.03,-12.76
WBC,2025-11-13,52.5,67.45,52.05,61.98,0.46,5.48,1.0,9.51,9.16,-5.78,-10.76
WBC,2025-11-14,57.16,71.37,57.72,64.45,-0.56,6.91,1.0,6.43,7.04,-3.03,-9.47
WBC,2025-11-15,68.35,72.99,68.24,66.86,0.11,6.13,1.0,8.11,8.02,-2.88,-8.72
WBC,2025-11-16,65.88,66.35,62.35,66.01,3.52,0.35,1.0,19.27,15.92,-6.52,-5.68
WBC,2025-11-17,58.58,67.15,55.36,63.28,3.22,3.87,1.0,18.53,15.37,-3.42,-6.1
WBC,2025-11-18,55.38,72.66,53.71,65.41,1.67,7.26,1.0,12.46,10.75,2.44,-4.53
WBC,2025-11-19,54.48,76.56,53.32,69.79,1.16,6.77,1.0,11.43,10.33,5.26,-1.68
WBC,2025-11-20,55.28,79.0,54.59,72.95,0.69,6.04,1.0,10.25,9.56,5.69,-0.83
WBC,2025-11-21,58.47,81.06,57.58,75.49,0.89,5.57,1.0,10.64,9.76,5.35,-0.73
WBC,2025-11-22,57.95,82.15,56.07,77.17,1.88,4.98,1.0,13.68,12.04,3.27,-1.15
WBC,2025-11-23,56.45,82.68,54.77,78.79,1.68,3.89,1.0,12.93,11.41,1.07,-1.67
WBC,2025-11-24,55.0,83.51,53.4,81.33,1.61,2.18,1.0,13.55,11.89,0.27,-0.5
WBC,2025-11-25,59.18,84.29,59.07,82.82,0.11,1.47,1.0,7.86,7.65,-3.43,-0.67
WBC,2025-11-26,56.3,62.86,53.69,81.8,2.6,-18.94,1.0,16.97,14.44,-27.8,0.05
WBC,2025-11-27,49.1,64.82,45.75,79.38,3.35,-14.56,1.0,18.09,15.27,-25.81,-1.14
WBC,2025-11-28,45.49,69.87,43.47,79.32,2.01,-9.46,1.0,17.74,16.05,-21.79,-1.62
WBC,2025-11-29,45.16,75.14,43.98,80.9,1.18,-5.75,1.0,16.96,15.5,-16.57,-0.27
WBC,2025-11-30,45.38,66.26,44.27,79.7,1.11,-13.44,1.0,15.94,15.02,-25.22,-1.08
WBC,2025-12-01,44.29,74.17,43.05,79.94,1.25,-5.77,1.0,18.73,17.33,-17.12,-1.66
WBC,2025-12-02,45.13,76.38,43.92,80.99,1.21,-4.62,1.0,17.6,16.37,-15.08,-0.72
WBC,2025-12-03,44.28,76.95,42.83,81.0,1.45,-4.05,1.0,20.16,18.6,-14.17,-1.02
WBC,2025-12-04,44.68,78.08,43.15,80.72,1.52,-2.64,1.0,18.56,17.07,-13.63,-1.86
WBC,2025-12-05,43.54,79.01,41.39,81.05,2.14,-2.04,1.0,21.4,19.11,-12.82,-2.13
WBC,2025-12-06,46.61,79.63,45.59,81.52,1.03,-1.89,1.0,16.78,15.2,-14.23,-2.85
WBC,2025-12-07,48.31,78.22,47.08,81.44,1.23,-3.22,1.0,15.94,14.33,-16.51,-3.2
WBC,2025-12-08,46.5,76.69,44.24,80.16,2.26,-3.47,1.0,18.95,17.82,-16.39,-3.5
WBC,2025-12-09,45.84,76.49,44.44,80.95,1.39,-4.46,1.0,17.24,14.87,-18.64,-4.56
WBC,2025-12-10,48.56,75.49,47.82,81.26,0.73,-5.77,1.0,13.09,11.48,-21.73,-4.55
WBC,2025-12-11,47.4,75.35,45.63,81.15,1.77,-5.8,1.0,16.74,15.53,-20.06,-4.32
WBC,2025-12-12,47.91,75.67,46.32,81.12,1.59,-5.45,1.0,17.48,15.73,-20.44,-5.49
WBC,2025-12-13,47.08,74.04,44.17,81.56,2.92,-7.52,1.0,21.2,19.07,-21.31,-4.1
WBC,2025-12-14,43.42,69.93,37.84,80.02,5.57,-10.09,1.0,36.78,31.67,-21.63,-3.56
WBC,2025-12-15,40.67,71.31,37.39,78.26,3.28,-6.95,1.0,29.42,25.81,-21.16,-6.53
WBC,2025-12-16,41.78,72.82,39.26,77.49,2.52,-4.66,1.0,22.98,20.35,-21.0,-7.52
WBE,2025-11-08,62.53,55.06,63.74,66.43,-1.21,-11.38,1.0,7.8,8.95,-7.48,4.0
WBE,2025-11-09,56.87,57.45,64.08,72.6,-7.21,-15.14,1.0,16.55,23.9,-9.81,5.31
WBE,2025-11-10,48.53,56.23,57.64,72.86,-9.12,-16.63,1.0,19.62,28.66,-11.54,5.11
WBE,2025-11-11,46.42,57.89,53.86,71.56,-7.44,-13.67,1.0,16.87,24.33,-11.69,1.99
WBE,2025-11-12,49.75,59.69,49.62,77.07,0.13,-17.38,1.0,9.67,9.73,-12.82,4.62
WBE,2025-11-13,52.05,61.98,42.21,88.92,9.83,-26.95,1.0,9.06,-0.67,-11.26,16.18
WBE,2025-11-14,57.72,64.45,48.96,89.06,8.76,-24.6,1.0,7.0,-1.72,-9.94,15.14
WBE,2025-11-15,68.24,66.86,56.7,88.12,11.54,-21.27,1.0,8.0,-3.52,-9.02,12.54
WBE,2025-11-16,62.35,66.01,50.78,85.34,11.58,-19.34,1.0,15.75,4.34,-6.87,13.66
WBE,2025-11-17,55.36,63.28,60.74,86.03,-5.38,-22.74,1.0,15.32,20.74,-7.29,16.64
WBE,2025-11-18,53.71,65.41,61.78,89.38,-8.07,-23.97,1.0,10.79,18.82,-4.82,19.44
WBE,2025-11-19,53.32,69.79,61.87,90.92,-8.56,-21.13,1.0,10.27,18.88,-1.51,19.45
WBE,2025-11-20,54.59,72.95,61.66,91.68,-7.07,-18.73,1.0,9.56,16.63,-0.36,17.9
WBE,2025-11-21,57.58,75.49,63.01,91.34,-5.43,-15.85,1.0,9.75,15.19,-0.22,15.11
WBE,2025-11-22,56.07,77.17,62.38,91.43,-6.32,-14.26,1.0,11.8,18.35,-1.71,13.11
WBE,2025-11-23,54.77,78.79,62.35,91.36,-7.58,-12.57,1.0,11.24,18.99,-2.82,10.91
WBE,2025-11-24,53.4,81.33,68.24,88.54,-14.84,-7.21,1.0,11.95,26.73,-1.91,6.71
WBE,2025-11-25,59.07,82.82,71.5,86.13,-12.44,-3.31,1.0,7.75,20.08,-4.89,2.63
WBE,2025-11-26,53.69,81.8,65.45,67.43,-11.76,14.37,1.0,14.37,26.19,-8.86,-14.32
WBE,2025-11-27,45.75,79.38,59.71,71.4,-13.96,7.98,1.0,14.74,29.23,-11.25,-9.12
WBE,2025-11-28,43.47,79.32,56.24,77.95,-12.77,1.38,1.0,15.73,28.82,-12.34,-3.0
WBE,2025-11-29,44.0,80.9,54.19,79.93,-10.19,0.97,1.0,15.77,25.68,-10.83,-1.24
WBE,2025-11-30,44.24,79.68,52.75,66.32,-8.51,13.37,1.0,14.86,23.57,-11.79,-14.46
WBE,2025-12-01,43.06,79.95,52.5,75.21,-9.44,4.74,1.0,17.46,26.75,-11.34,-6.39
WBE,2025-12-02,43.9,80.99,52.95,76.61,-9.05,4.39,1.0,16.44,25.46,-10.45,-5.09
WBE,2025-12-03,42.84,81.01,51.52,75.42,-8.98,5.61,1.0,18.68,28.32,-10.12,-6.5
WCC,2025-11-08,63.74,66.43,61.29,63.48,2.44,2.95,1.0,9.01,6.51,3.9,1.05
WCC,2025-11-09,64.08,72.6,57.25,68.66,6.83,3.94,1.0,23.76,17.06,5.34,1.38
WCC,2025-11-10,57.64,72.86,48.19,67.86,9.45,5.0,1.0,28.73,19.21,5.1,0.11
WCC,2025-11-11,53.86,71.56,45.04,68.04,8.83,3.52,1.0,24.32,15.5,1.98,-1.53
WCC,2025-11-12,49.62,77.07,45.28,73.84,4.33,3.23,1.0,9.54,5.39,4.56,1.39
WCC,2025-11-13,42.21,88.92,42.08,86.51,0.14,2.41,1.0,-0.78,-0.81,15.69,13.77
WCC,2025-11-14,48.96,89.06,49.1,86.31,-0.14,2.75,1.0,-1.76,-1.58,14.66,12.39
WCC,2025-11-15,56.7,88.12,57.22,86.32,-0.52,1.8,1.0,-3.55,-3.0,12.25,10.74
WCC,2025-11-16,50.78,85.34,49.42,78.4,1.36,6.94,1.0,4.17,2.98,12.47,6.71
WCC,2025-11-17,60.74,86.03,55.77,74.9,4.97,11.13,1.0,20.69,15.77,15.46,5.52
WCC,2025-11-18,61.78,89.38,56.33,79.74,5.45,9.63,1.0,18.87,13.37,19.15,9.81
WCC,2025-11-19,61.87,90.92,55.71,84.1,6.16,6.82,1.0,18.83,12.72,19.62,12.63
WCC,2025-11-20,61.66,91.68,56.21,86.24,5.44,5.45,1.0,16.62,11.19,18.37,12.45
WCC,2025-11-21,63.01,91.34,57.87,87.4,5.14,3.94,1.0,15.18,10.04,15.62,11.17
WCC,2025-11-22,62.38,91.43,55.98,87.16,6.4,4.27,1.0,18.11,11.96,12.55,8.85
WCC,2025-11-23,62.35,91.36,56.5,88.34,5.85,3.02,1.0,18.83,13.14,9.76,7.89
WCC,2025-11-24,68.24,88.54,60.34,90.19,7.9,-1.64,1.0,26.79,18.83,5.3,8.35
WCC,2025-11-25,71.5,86.13,64.3,94.41,7.21,-8.28,1.0,20.19,12.87,-1.59,10.91
WCC,2025-11-26,65.45,67.43,61.1,98.96,4.35,-31.54,1.0,26.13,21.84,-23.23,17.21
WCC,2025-11-27,59.71,71.4,52.54,99.89,7.16,-28.49,1.0,28.7,22.06,-19.23,19.37
WCC,2025-11-28,56.24,77.95,47.57,99.9,8.67,-21.95,1.0,28.5,20.15,-13.71,18.96
WCC,2025-11-29,54.19,79.93,45.33,99.9,8.86,-19.97,1.0,25.96,16.81,-11.79,18.73
WCC,2025-11-30,52.75,66.32,45.73,99.9,7.02,-33.58,1.0,23.37,16.54,-25.15,19.12
WCC,2025-12-01,52.5,75.21,43.72,99.9,8.78,-24.69,1.0,26.9,17.97,-16.09,18.29
WCC,2025-12-02,52.95,76.61,44.39,99.9,8.56,-23.29,1.0,25.49,16.91,-14.84,18.2
WCC,2025-12-03,51.52,75.42,43.09,99.9,8.43,-24.48,1.0,28.44,19.9,-15.52,17.99
WCE,2025-11-08,61.29,63.48,61.31,67.45,-0.02,-3.97,1.0,6.57,6.52,0.95,5.02
WCE,2025-11-09,57.25,68.66,56.44,73.38,0.81,-4.72,1.0,16.93,16.25,1.4,6.1
WCE,2025-11-10,48.19,67.86,47.33,71.52,0.86,-3.66,1.0,19.28,18.34,0.09,3.77
WCE,2025-11-11,45.04,68.04,43.24,72.91,1.79,-4.87,1.0,15.49,13.7,-1.55,3.34
WCE,2025-11-12,45.28,73.84,45.79,77.71,-0.5,-3.88,1.0,5.21,5.9,1.32,5.26
WCE,2025-11-13,42.08,86.51,49.81,80.08,-7.73,6.43,1.0,-0.91,6.92,13.27,7.34
WCE,2025-11-14,49.1,86.31,56.33,81.67,-7.23,4.64,1.0,-1.63,5.64,11.91,7.75
WCE,2025-11-15,57.22,86.32,67.44,80.55,-10.22,5.77,1.0,-3.03,7.22,10.45,4.97
WCE,2025-11-16,49.42,78.4,65.15,73.39,-15.73,5.01,1.0,2.81,18.72,5.53,1.7
WCE,2025-11-17,55.77,74.9,57.46,74.96,-1.69,-0.06,1.0,15.72,17.46,4.33,5.58
WCE,2025-11-18,56.33,79.74,54.14,79.32,2.19,0.42,1.0,13.42,11.19,9.52,9.39
WCE,2025-11-19,55.71,84.1,53.0,82.52,2.71,1.59,1.0,12.66,10.01,12.79,11.04
WCE,2025-11-20,56.21,86.24,53.71,84.48,2.5,1.75,1.0,11.18,8.69,12.92,10.7
WCE,2025-11-21,57.87,87.4,56.35,86.0,1.52,1.4,1.0,10.03,8.52,11.68,9.78
WCE,2025-11-22,55.98,87.16,55.29,85.81,0.69,1.35,1.0,11.72,11.26,8.29,7.49
WCE,2025-11-23,56.5,88.34,54.35,85.58,2.15,2.76,1.0,12.98,10.99,6.74,5.12
WCE,2025-11-24,60.34,90.19,53.27,85.43,7.07,4.76,1.0,18.89,11.76,6.94,3.6
WCE,2025-11-25,64.3,94.41,58.09,86.47,6.2,7.94,1.0,12.98,6.67,6.69,2.97
WCE,2025-11-26,61.1,98.96,55.39,82.61,5.71,16.35,1.0,21.78,16.14,8.31,0.86
WCE,2025-11-27,52.54,99.89,46.46,81.38,6.08,18.5,1.0,21.53,15.98,9.26,0.87
WCE,2025-11-28,47.57,99.9,42.75,81.15,4.82,18.75,1.0,19.83,15.33,8.24,0.2
WCE,2025-11-29,45.32,99.9,41.74,82.13,3.58,17.77,1.0,17.12,13.26,8.18,0.97
WCE,2025-11-30,45.75,99.9,41.81,81.32,3.94,18.58,1.0,16.3,12.56,8.42,0.53
WCE,2025-12-01,43.72,99.9,39.95,81.11,3.77,18.79,1.0,18.15,14.23,8.61,-0.49
WCE,2025-12-02,44.4,99.9,40.69,81.23,3.71,18.67,1.0,16.88,13.14,8.44,-0.48
WCE,2025-12-03,43.33,99.9,39.19,80.3,4.14,19.6,1.0,19.21,14.96,8.78,-1.72
WCE,2025-12-04,43.63,99.9,39.81,81.79,3.82,18.11,1.0,17.51,13.73,8.19,-0.8
WCE,2025-12-05,41.98,99.9,37.85,81.82,4.13,18.08,1.0,19.84,15.56,8.07,-1.37
WCE,2025-12-06,45.51,99.9,41.26,84.25,4.25,15.65,1.0,15.67,10.86,6.04,-0.12
WCE,2025-12-07,47.32,99.9,42.89,82.92,4.43,16.98,1.0,14.95,10.14,5.17,-1.72
WCE,2025-12-08,44.23,99.9,40.75,81.61,3.47,18.29,1.0,16.69,14.33,6.82,-2.05
WCE,2025-12-09,44.98,99.9,39.21,83.79,5.76,16.11,1.0,16.38,9.64,4.77,-1.72
WCE,2025-12-10,48.43,99.9,43.52,85.16,4.92,14.74,1.0,12.97,7.17,2.68,-0.65
WCE,2025-12-11,45.69,99.9,41.73,83.08,3.96,16.82,1.0,15.03,11.64,4.49,-2.39
WCE,2025-12-12,45.69,99.9,41.43,83.42,4.26,16.47,1.0,15.26,10.83,3.79,-3.18
WCE,2025-12-13,44.49,99.9,40.52,82.5,3.97,17.4,1.0,18.61,15.42,4.55,-3.16
WCE,2025-12-14,38.03,99.9,34.38,81.26,3.65,18.64,1.0,31.39,28.2,8.34,-2.32
WCE,2025-12-15,35.66,99.9,32.69,85.76,2.97,14.14,1.0,24.4,21.1,7.43,0.97
WCE,2025-12-16,39.08,99.9,36.74,86.65,2.34,13.25,1.0,14.21,11.33,4.47,0.25
WCE,2025-12-17,45.98,99.9,41.41,87.87,4.57,12.03,1.0,11.32,5.94,1.73,0.14
WCE,2025-12-18,50.56,99.9,46.34,87.6,4.22,12.3,1.0,9.24,4.21,0.76,-1.32
WCE,2025-12-19,46.56,99.9,43.0,84.26,3.55,15.64,1.0,17.56,15.68,3.88,-1.96
WCE,2025-12-20,42.18,99.9,39.39,82.48,2.79,17.42,1.0,17.14,14.07,2.88,-6.02
WDC,2025-11-08,61.31,67.45,60.38,67.03,0.93,0.42,1.0,6.58,5.6,4.91,4.6
WDC,2025-11-09,56.44,73.38,54.82,74.55,1.61,-1.17,1.0,16.12,14.64,6.12,7.27
WDC,2025-11-10,47.33,71.52,45.66,76.69,1.66,-5.17,1.0,18.42,16.68,3.76,8.95
WDC,2025-11-11,43.24,72.91,42.25,74.83,0.99,-1.92,1.0,13.7,12.71,3.32,5.26
WDC,2025-11-12,45.79,77.71,45.55,77.19,0.24,0.52,1.0,5.71,5.66,5.2,4.74
WDC,2025-11-13,49.81,80.08,49.53,77.53,0.28,2.55,1.0,6.82,6.64,6.84,4.79
WDC,2025-11-14,56.33,81.67,56.61,78.66,-0.28,3.01,1.0,5.6,5.93,7.27,4.74
WDC,2025-11-15,67.44,80.55,66.82,75.92,0.62,4.63,1.0,7.19,6.6,4.68,0.34
WDC,2025-11-16,65.15,73.39,62.67,71.98,2.48,1.41,1.0,18.55,16.24,0.52,0.29
WDC,2025-11-17,57.46,74.96,55.37,72.72,2.09,2.25,1.0,17.42,15.38,4.39,3.33
WDC,2025-11-18,54.14,79.32,52.7,76.87,1.44,2.45,1.0,11.23,9.75,9.09,6.93
WDC,2025-11-19,53.0,82.52,51.47,79.55,1.53,2.96,1.0,9.96,8.48,11.21,8.08
WDC,2025-11-20,53.71,84.48,52.66,81.71,1.05,2.78,1.0,8.68,7.64,11.17,7.92
WDC,2025-11-21,56.35,86.0,54.8,81.81,1.54,4.2,1.0,8.51,6.98,10.29,5.58
WDC,2025-11-22,55.29,85.81,53.44,83.05,1.86,2.76,1.0,11.02,9.41,6.93,4.74
WDC,2025-11-23,54.35,85.58,52.43,83.7,1.92,1.88,1.0,10.82,9.07,3.97,3.24
WDC,2025-11-24,53.27,85.43,51.99,84.8,1.28,0.63,1.0,11.82,10.48,2.19,2.97
WDC,2025-11-25,58.09,86.47,57.03,84.44,1.07,2.02,1.0,6.78,5.6,-1.25,0.94
WDC,2025-11-26,55.39,82.61,53.17,85.37,2.22,-2.76,1.0,16.07,13.91,-8.05,3.62
WDC,2025-11-27,46.46,81.38,44.5,84.63,1.96,-3.24,1.0,15.45,14.02,-9.25,4.11
WDC,2025-11-28,42.75,81.15,41.31,82.82,1.43,-1.67,1.0,15.0,13.89,-10.51,1.88
WDC,2025-11-29,41.74,82.14,40.76,84.19,0.99,-2.05,1.0,13.52,12.24,-9.59,3.02
WDC,2025-11-30,41.79,81.3,40.98,84.38,0.81,-3.08,1.0,12.41,11.79,-10.17,3.6
WDC,2025-12-01,39.95,81.12,39.26,84.22,0.68,-3.11,1.0,14.35,13.51,-10.18,2.62
WDC,2025-12-02,40.68,81.22,40.18,85.1,0.51,-3.88,1.0,13.22,12.69,-10.23,3.4
WDC,2025-12-03,39.19,80.32,38.35,83.27,0.84,-2.95,1.0,15.03,14.07,-10.81,1.23
WDC,2025-12-04,39.8,81.78,38.94,83.21,0.86,-1.43,1.0,13.76,12.94,-9.91,0.64
WDC,2025-12-05,37.85,81.83,36.95,81.57,0.9,0.27,1.0,15.65,14.6,-10.01,-1.63
WDC,2025-12-06,41.3,84.24,40.77,84.28,0.53,-0.04,1.0,11.4,10.32,-9.63,-0.09
WDC,2025-12-07,42.88,82.91,42.45,84.77,0.44,-1.86,1.0,10.52,9.7,-11.82,0.13
WDC,2025-12-08,40.72,81.6,39.48,83.49,1.24,-1.89,1.0,13.27,13.15,-11.46,-0.17
WDC,2025-12-09,39.24,83.83,38.7,84.38,0.53,-0.55,1.0,10.52,8.99,-11.34,-1.16
WDC,2025-12-10,43.54,85.14,42.99,86.6,0.55,-1.46,1.0,8.12,6.7,-12.08,0.8
WDC,2025-12-11,41.71,83.07,40.87,85.6,0.83,-2.53,1.0,11.06,10.8,-12.33,0.12
WDC,2025-12-12,41.44,83.43,40.86,84.63,0.58,-1.2,1.0,10.99,10.24,-12.69,-1.97
WDC,2025-12-13,40.48,82.47,39.36,83.69,1.13,-1.23,1.0,14.78,14.45,-12.86,-1.95
WDC,2025-12-14,34.31,81.29,31.91,77.93,2.4,3.37,1.0,27.78,25.83,-10.24,-5.65
WDC,2025-12-15,32.73,85.8,30.85,77.26,1.88,8.54,1.0,21.29,19.08,-6.71,-7.55
WDC,2025-12-16,36.77,86.66,36.18,81.06,0.59,5.6,1.0,11.79,10.66,-8.81,-5.36
WDC,2025-12-17,41.45,87.87,41.0,85.1,0.45,2.77,1.0,6.78,5.52,-10.31,-2.63
WDC,2025-12-18,46.4,87.6,46.47,87.04,-0.08,0.56,1.0,4.99,4.26,-11.53,-1.87
WDC,2025-12-19,42.92,84.21,41.37,84.31,1.54,-0.11,1.0,14.12,14.24,-11.8,-1.91
WDC,2025-12-20,39.38,82.51,38.18,82.83,1.2,-0.32,1.0,14.17,12.67,-14.54,-5.7
WDE,2025-11-08,60.38,67.03,64.52,76.02,-4.14,-8.99,1.0,5.66,9.74,4.5,13.59
WDE,2025-11-09,54.82,74.55,60.63,86.25,-5.81,-11.69,1.0,14.5,20.45,7.29,18.96
WDE,2025-11-10,45.66,76.69,53.33,88.31,-7.67,-11.62,1.0,16.76,24.35,8.93,20.57
WDE,2025-11-11,42.25,74.83,50.72,89.1,-8.48,-14.27,1.0,12.7,21.19,5.25,19.53
WDE,2025-11-12,45.55,77.19,52.72,90.56,-7.17,-13.37,1.0,5.48,12.83,4.68,18.1
WDE,2025-11-13,49.53,77.53,56.91,92.04,-7.38,-14.51,1.0,6.54,14.02,4.29,19.3
WDE,2025-11-14,56.61,78.66,62.53,93.43,-5.92,-14.77,1.0,5.89,11.85,4.26,19.51
WDE,2025-11-15,66.82,75.92,70.34,94.47,-3.52,-18.55,1.0,6.57,10.12,0.05,18.89
WDE,2025-11-16,62.67,71.98,68.47,93.24,-5.8,-21.26,1.0,16.07,22.04,-0.89,21.55
WDE,2025-11-17,55.37,72.72,62.47,92.1,-7.1,-19.38,1.0,15.33,22.47,2.14,22.71
WDE,2025-11-18,52.7,76.87,59.5,92.65,-6.8,-15.78,1.0,9.79,16.54,6.64,22.71
WDE,2025-11-19,51.47,79.55,57.91,93.54,-6.44,-13.99,1.0,8.43,14.92,8.25,22.07
WDE,2025-11-20,52.66,81.71,57.45,94.34,-4.78,-12.64,1.0,7.63,12.42,8.39,20.55
WDE,2025-11-21,54.8,81.81,59.37,95.28,-4.57,-13.48,1.0,6.97,11.54,6.09,19.06
WDE,2025-11-22,53.44,83.05,58.96,96.87,-5.52,-13.82,1.0,9.17,14.93,4.18,18.56
WDE,2025-11-23,52.43,83.7,57.68,98.46,-5.24,-14.76,1.0,8.91,14.32,2.09,18.0
WDE,2025-11-24,51.99,84.8,56.32,99.03,-4.33,-14.23,1.0,10.54,14.81,1.56,17.2
WDE,2025-11-25,57.03,84.44,60.64,99.82,-3.61,-15.38,1.0,5.71,9.21,-3.28,16.33
WDE,2025-11-26,53.17,85.37,59.32,99.9,-6.14,-14.53,1.0,13.85,20.06,-5.29,18.15
WDE,2025-11-27,44.5,84.63,50.75,99.88,-6.25,-15.25,1.0,13.49,20.27,-6.0,19.37
WDE,2025-11-28,41.31,82.82,48.44,99.9,-7.12,-17.08,1.0,13.57,21.02,-8.84,18.96
WDE,2025-11-29,40.76,84.19,48.28,99.87,-7.53,-15.68,1.0,12.53,19.77,-7.53,18.7
WDE,2025-11-30,40.98,84.38,48.65,99.9,-7.68,-15.52,1.0,11.6,19.47,-7.09,19.12
WDE,2025-12-01,39.26,84.22,47.41,99.9,-8.15,-15.68,1.0,13.66,21.66,-7.07,18.29
WDE,2025-12-02,40.18,85.1,48.35,99.9,-8.17,-14.8,1.0,12.71,20.86,-6.35,18.2
WDE,2025-12-03,38.35,83.27,49.02,99.9,-10.67,-16.63,1.0,14.19,24.74,-7.86,17.86
WDE,2025-12-04,38.94,83.21,50.59,99.9,-11.65,-16.69,1.0,12.89,24.58,-8.49,17.32
WDE,2025-12-05,36.95,81.57,49.06,99.9,-12.11,-18.33,1.0,14.76,26.71,-10.28,16.7
WDE,2025-12-06,40.77,84.28,52.26,99.89,-11.49,-15.61,1.0,10.87,21.81,-9.59,15.52
WDE,2025-12-07,42.45,84.77,51.6,99.9,-9.16,-15.13,1.0,10.09,18.86,-9.96,15.26
WDE,2025-12-08,39.48,83.49,50.24,99.9,-10.76,-16.41,1.0,12.03,23.91,-9.57,16.24
WDE,2025-12-09,38.7,84.38,48.54,99.9,-9.84,-15.52,1.0,9.98,18.82,-10.79,14.36
WDE,2025-12-10,42.99,86.6,52.31,99.9,-9.32,-13.3,1.0,7.57,16.01,-10.62,14.11
WDE,2025-12-11,40.87,85.6,50.82,99.9,-9.95,-14.3,1.0,10.23,20.75,-9.8,14.42
WDE,2025-12-12,40.86,84.63,50.16,99.9,-9.31,-15.27,1.0,10.41,19.55,-11.49,13.3
WDE,2025-12-13,39.36,83.69,50.28,99.9,-10.93,-16.21,1.0,13.66,25.37,-11.63,14.26
WDE,2025-12-14,31.91,77.93,47.54,99.9,-15.63,-21.97,1.0,25.38,41.46,-13.61,16.33
WDE,2025-12-15,30.85,77.26,44.89,99.9,-14.04,-22.64,1.0,19.41,33.12,-15.25,15.09
WDE,2025-12-16,36.18,81.06,46.5,99.9,-10.31,-18.84,1.0,11.2,20.98,-14.4,13.48
WDE,2025-12-17,41.0,85.1,50.59,99.9,-9.59,-14.8,1.0,6.33,15.12,-13.08,12.17
WDE,2025-12-18,46.47,87.04,56.42,99.9,-9.95,-12.86,1.0,5.06,14.21,-12.09,10.98
WDE,2025-12-19,41.37,84.31,55.13,99.9,-13.76,-15.59,1.0,12.57,28.0,-11.69,13.68
WDE,2025-12-20,38.18,82.83,51.32,99.9,-13.14,-17.07,1.0,12.96,25.82,-14.22,11.37
WEC,2025-11-08,64.52,76.02,68.03,74.49,-3.5,1.53,1.0,9.8,13.24,13.49,12.06
WEC,2025-11-09,60.63,86.25,63.26,81.47,-2.63,4.77,1.0,20.32,23.07,18.98,14.19
WEC,2025-11-10,53.33,88.31,55.64,82.14,-2.31,6.18,1.0,24.42,26.65,20.55,14.39
WEC,2025-11-11,50.72,89.1,54.92,82.31,-4.2,6.79,1.0,21.18,25.39,19.52,12.74
WEC,2025-11-12,52.72,90.56,59.14,83.91,-6.42,6.65,1.0,12.65,19.24,18.04,11.45
WEC,2025-11-13,56.91,92.04,62.41,84.6,-5.51,7.44,1.0,13.92,19.53,18.8,11.86
WEC,2025-11-14,62.53,93.43,68.04,85.65,-5.5,7.77,1.0,11.81,17.36,19.03,11.74
WEC,2025-11-15,70.34,94.47,74.47,87.48,-4.13,6.99,1.0,10.09,14.25,18.6,11.9
WEC,2025-11-16,68.47,93.24,70.24,85.28,-1.77,7.96,1.0,21.87,23.81,20.37,13.6
WEC,2025-11-17,62.47,92.1,65.09,83.72,-2.62,8.37,1.0,22.42,25.09,21.53,14.34
WEC,2025-11-18,59.5,92.65,63.49,84.41,-3.99,8.23,1.0,16.59,20.53,22.42,14.48
WEC,2025-11-19,57.91,93.54,61.8,85.68,-3.88,7.86,1.0,14.87,18.8,22.24,14.21
WEC,2025-11-20,57.45,94.34,61.77,86.67,-4.32,7.67,1.0,12.41,16.74,21.03,12.88
WEC,2025-11-21,59.37,95.28,63.62,87.52,-4.25,7.76,1.0,11.54,15.79,19.57,11.29
WEC,2025-11-22,58.96,96.87,61.91,94.74,-2.95,2.13,1.0,14.69,17.88,17.99,16.43
WEC,2025-11-23,57.68,98.46,60.77,96.23,-3.1,2.23,1.0,14.15,17.41,16.85,15.77
WEC,2025-11-24,56.32,99.03,59.35,96.63,-3.03,2.4,1.0,14.86,17.84,15.79,14.8
WEC,2025-11-25,60.64,99.82,64.57,98.39,-3.94,1.43,1.0,9.32,13.15,12.11,14.89
WEC,2025-11-26,59.32,99.9,60.48,96.53,-1.17,3.37,1.0,19.99,21.22,9.24,14.77
WEC,2025-11-27,50.75,99.88,52.14,95.94,-1.39,3.95,1.0,19.74,21.66,9.25,15.42
WEC,2025-11-28,48.44,99.9,52.21,95.59,-3.77,4.31,1.0,20.69,24.79,8.24,14.64
WEC,2025-11-29,48.28,99.87,51.25,96.03,-2.97,3.84,1.0,20.05,22.74,8.15,14.86
WEC,2025-11-30,48.65,99.9,54.04,96.03,-5.38,3.87,1.0,19.27,24.85,8.43,15.25
WEC,2025-12-01,47.41,99.9,51.72,95.29,-4.3,4.61,1.0,21.81,25.96,8.6,13.68
WEC,2025-12-02,48.35,99.9,54.48,94.86,-6.13,5.04,1.0,20.89,26.99,8.45,13.16
WEC,2025-12-03,49.02,99.9,54.52,94.1,-5.5,5.8,1.0,24.86,30.24,8.77,12.06
WEC,2025-12-04,50.59,99.9,55.04,93.84,-4.45,6.06,1.0,24.54,29.03,8.2,11.27
WEC,2025-12-05,49.06,99.9,52.83,92.7,-3.77,7.2,1.0,26.87,30.48,8.06,9.5
WEC,2025-12-06,52.26,99.89,56.34,94.53,-4.08,5.36,1.0,22.37,25.89,6.02,10.16
WEC,2025-12-07,51.6,99.9,55.81,95.88,-4.21,4.02,1.0,19.24,23.07,5.17,11.24
WEC,2025-12-08,50.24,99.9,53.4,94.7,-3.17,5.2,1.0,22.79,27.07,6.83,11.04
WEC,2025-12-09,48.54,99.9,53.62,93.22,-5.08,6.68,1.0,19.82,23.9,4.73,7.69
WEC,2025-12-10,52.31,99.9,56.46,97.14,-4.16,2.76,1.0,16.88,20.17,2.69,11.35
WEC,2025-12-11,50.82,99.9,53.09,96.42,-2.27,3.48,1.0,20.18,23.02,4.5,10.94
WEC,2025-12-12,50.16,99.9,53.19,96.51,-3.03,3.39,1.0,19.71,22.58,3.78,9.91
WEC,2025-12-13,50.28,99.9,52.97,95.72,-2.69,4.18,1.0,24.58,28.06,4.58,10.08
WEC,2025-12-14,47.54,99.9,47.5,92.08,0.05,7.82,1.0,41.01,41.42,8.37,8.51
WEC,2025-12-15,44.89,99.9,43.34,92.22,1.55,7.68,1.0,33.45,31.56,7.39,7.41
WEC,2025-12-16,46.5,99.9,45.91,93.63,0.49,6.27,1.0,21.52,27.1,4.44,8.68
WEE,2025-11-08,68.03,74.49,69.87,66.03,-1.84,8.46,1.0,13.3,15.09,11.95,3.6
WEE,2025-11-09,63.26,81.47,66.72,71.16,-3.46,10.31,1.0,22.94,26.53,14.21,3.87
WEE,2025-11-10,55.64,82.14,56.32,71.98,-0.68,10.16,1.0,26.73,27.33,14.37,4.23
WEE,2025-11-11,54.92,82.31,50.64,72.02,4.28,10.29,1.0,25.38,21.1,12.73,2.45
WEE,2025-11-12,59.14,83.91,51.3,73.36,7.84,10.55,1.0,19.06,11.41,11.39,0.91
WEE,2025-11-13,62.41,84.6,53.63,78.48,8.78,6.12,1.0,19.42,10.74,11.37,5.74
WEE,2025-11-14,68.04,85.65,60.99,84.0,7.05,1.65,1.0,17.31,10.3,11.26,10.08
WEE,2025-11-15,74.47,87.48,74.98,84.26,-0.51,3.22,1.0,14.22,14.76,11.61,8.68
WEE,2025-11-16,70.24,85.28,70.73,80.19,-0.49,5.09,1.0,23.64,24.3,12.41,8.5
WEE,2025-11-17,65.09,83.72,62.15,77.76,2.94,5.96,1.0,25.04,22.15,13.15,8.38
WEE,2025-11-18,63.49,84.41,58.98,77.61,4.51,6.8,1.0,20.57,16.03,14.19,7.68
WEE,2025-11-19,61.8,85.68,56.97,84.16,4.83,1.52,1.0,18.75,13.98,14.38,12.69
WEE,2025-11-20,61.77,86.67,55.9,88.24,5.86,-1.57,1.0,16.73,10.88,13.36,14.45
WEE,2025-11-21,63.62,87.52,56.72,89.89,6.9,-2.38,1.0,15.79,8.89,11.8,13.67
WEE,2025-11-22,61.91,94.74,55.61,91.06,6.31,3.68,1.0,17.64,11.58,15.86,12.75
WEE,2025-11-23,60.77,96.23,54.07,91.89,6.7,4.34,1.0,17.25,10.71,14.62,11.43
WEE,2025-11-24,59.35,96.63,52.6,92.2,6.75,4.43,1.0,17.9,11.09,13.39,10.37
WEE,2025-11-25,64.57,98.39,56.61,92.35,7.96,6.04,1.0,13.25,5.19,10.67,8.85
WEE,2025-11-26,60.48,96.53,54.5,93.74,5.98,2.78,1.0,21.16,15.24,5.87,11.99
WEE,2025-11-27,52.14,95.94,46.42,93.35,5.72,2.59,1.0,21.13,15.94,5.31,12.84
WEE,2025-11-28,52.21,95.59,42.55,92.09,9.65,3.5,1.0,24.46,15.13,3.93,11.14
WEE,2025-11-29,51.25,96.03,41.78,90.97,9.47,5.06,1.0,23.02,13.27,4.31,9.8
WEE,2025-11-30,54.04,96.03,41.79,91.73,12.25,4.3,1.0,24.65,12.6,4.56,10.96
WEE,2025-12-01,51.72,95.29,39.42,90.24,12.29,5.05,1.0,26.12,13.67,3.99,8.63
WEE,2025-12-02,54.48,94.86,40.5,89.75,13.98,5.12,1.0,27.02,13.02,3.42,8.05
WEE,2025-12-03,54.52,94.1,38.79,89.36,15.73,4.74,1.0,30.36,14.51,2.97,7.32
WEE,2025-12-04,55.04,93.84,39.56,89.29,15.48,4.55,1.0,28.99,13.55,2.14,6.71
WEE,2025-12-05,52.83,92.7,37.18,88.55,15.65,4.15,1.0,30.64,14.83,0.86,5.35
WEE,2025-12-06,56.34,94.53,42.16,89.33,14.18,5.2,1.0,26.45,11.72,0.66,4.96
WEE,2025-12-07,55.81,95.88,43.43,88.2,12.39,7.68,1.0,23.45,10.69,1.15,3.56
WEE,2025-12-08,53.4,94.7,40.88,87.62,12.53,7.08,1.0,25.95,14.54,1.63,3.96
WEE,2025-12-09,53.62,93.22,39.62,87.66,14.0,5.56,1.0,24.9,9.9,-1.95,2.12
WEE,2025-12-10,56.46,97.14,43.56,88.67,12.9,8.47,1.0,21.04,7.27,-0.08,2.88
WEE,2025-12-11,53.09,96.42,41.4,88.44,11.69,7.98,1.0,22.45,11.32,1.02,2.96
WEE,2025-12-12,53.19,96.51,41.27,87.66,11.92,8.85,1.0,22.74,10.65,0.39,1.06
WEE,2025-12-13,52.97,95.72,40.71,88.61,12.26,7.11,1.0,27.27,15.8,0.4,2.97
WEE,2025-12-14,47.5,92.08,33.82,87.89,13.68,4.19,1.0,40.97,27.74,0.55,4.32
WEE,2025-12-15,43.34,92.22,31.32,87.62,12.02,4.59,1.0,31.9,19.55,-0.29,2.81
WEE,2025-12-16,45.91,93.63,34.54,87.49,11.37,6.14,1.0,27.18,15.72,-0.16,2.54
WFC,2025-11-08,69.87,66.03,64.11,67.25,5.76,-1.22,1.0,15.15,9.33,3.49,4.82
WFC,2025-11-09,66.72,71.16,58.08,76.04,8.63,-4.88,1.0,26.4,17.9,3.89,8.75
WFC,2025-11-10,56.32,71.98,47.97,77.34,8.35,-5.36,1.0,27.4,18.98,4.22,9.59
WFC,2025-11-11,50.64,72.02,44.97,78.82,5.67,-6.8,1.0,21.09,15.43,2.44,9.24
WFC,2025-11-12,51.3,73.36,48.59,81.04,2.71,-7.69,1.0,11.22,8.7,0.84,8.59
WFC,2025-11-13,53.63,78.48,51.2,81.93,2.43,-3.45,1.0,10.64,8.32,5.24,9.19
WFC,2025-11-14,60.99,84.0,58.09,83.12,2.9,0.88,1.0,10.26,7.4,9.61,9.2
WFC,2025-11-15,74.98,84.26,69.54,83.62,5.44,0.64,1.0,14.73,9.32,8.39,8.04
WFC,2025-11-16,70.73,80.19,63.11,79.61,7.62,0.58,1.0,24.13,16.68,7.32,7.92
WFC,2025-11-17,62.15,77.76,55.51,76.42,6.64,1.34,1.0,22.1,15.51,7.19,7.04
WFC,2025-11-18,58.98,77.61,53.94,78.23,5.05,-0.62,1.0,16.07,10.98,7.39,8.3
WFC,2025-11-19,56.97,84.16,52.77,84.59,4.2,-0.43,1.0,13.92,9.78,12.86,13.12
WFC,2025-11-20,55.9,88.24,52.93,88.05,2.97,0.19,1.0,10.87,7.9,14.93,14.27
WFC,2025-11-21,56.72,89.89,54.5,90.13,2.21,-0.23,1.0,8.89,6.68,14.18,13.9
WFC,2025-11-22,55.61,91.06,52.29,91.82,3.32,-0.76,1.0,11.34,8.26,12.19,13.5
WFC,2025-11-23,54.07,91.89,51.17,93.39,2.91,-1.5,1.0,10.55,7.81,10.28,12.93
WFC,2025-11-24,52.6,92.2,50.01,94.14,2.58,-1.94,1.0,11.15,8.51,8.96,12.31
WFC,2025-11-25,56.61,92.35,55.6,95.01,1.01,-2.66,1.0,5.3,4.18,4.63,11.51
WFC,2025-11-26,54.5,93.74,50.38,95.48,4.12,-1.74,1.0,15.18,11.12,3.09,13.72
WFC,2025-11-27,46.42,93.35,42.71,95.31,3.7,-1.96,1.0,15.4,12.23,2.72,14.79
WFC,2025-11-28,42.55,92.09,38.62,94.59,3.93,-2.5,1.0,14.81,11.2,0.43,13.65
WFC,2025-11-29,41.78,90.97,38.5,94.19,3.28,-3.22,1.0,13.55,9.99,-0.75,13.02
WFC,2025-11-30,41.79,91.73,38.57,94.68,3.21,-2.95,1.0,12.4,9.39,0.26,13.91
WFC,2025-12-01,39.42,90.24,35.91,94.34,3.51,-4.1,1.0,13.82,10.16,-1.06,12.74
WFC,2025-12-02,40.5,89.75,36.96,94.34,3.54,-4.59,1.0,13.04,9.48,-1.7,12.64
WFC,2025-12-03,38.79,89.36,34.77,94.49,4.02,-5.14,1.0,14.63,10.49,-1.77,12.45
WFC,2025-12-04,39.56,89.29,35.91,94.79,3.65,-5.5,1.0,13.51,9.91,-2.41,12.21
WFC,2025-12-05,37.18,88.55,33.09,94.7,4.09,-6.14,1.0,14.98,10.74,-3.29,11.5
WFC,2025-12-06,42.16,89.33,38.97,95.97,3.19,-6.64,1.0,12.27,8.53,-4.54,11.6
WFC,2025-12-07,43.43,88.2,40.52,95.89,2.91,-7.69,1.0,11.07,7.77,-6.53,11.26
WFC,2025-12-08,40.88,87.62,36.94,95.59,4.38,-7.89,1.0,13.42,10.21,-5.45,11.98
WFE,2025-11-08,64.11,67.25,66.74,66.74,-2.62,0.51,1.0,9.39,11.95,4.71,4.31
WFE,2025-11-09,58.08,76.04,64.53,70.16,-6.45,5.88,1.0,17.77,24.34,8.77,2.87
WFE,2025-11-10,47.97,77.34,50.54,69.66,-2.58,7.68,1.0,19.06,21.56,9.58,1.91
WFE,2025-11-11,44.97,78.82,46.09,70.5,-1.12,8.32,1.0,15.42,16.55,9.23,0.92
WFE,2025-11-12,48.59,81.04,49.12,73.59,-0.53,7.46,1.0,8.52,9.23,8.53,1.13
WFE,2025-11-13,51.2,81.93,52.56,74.78,-1.36,7.15,1.0,8.21,9.67,8.7,2.04
WFE,2025-11-14,58.09,83.12,62.38,76.56,-4.29,6.56,1.0,7.36,11.69,8.72,2.64
WFE,2025-11-15,69.54,83.62,80.8,73.36,-11.26,10.26,1.0,9.29,20.58,7.75,-2.22
WFE,2025-11-16,63.11,79.61,72.57,66.0,-9.46,13.61,1.0,16.51,26.14,6.74,-5.69
WFE,2025-11-17,55.51,76.42,60.16,69.44,-4.65,6.98,1.0,15.46,20.17,5.85,0.06
WFE,2025-11-18,53.94,78.23,57.86,75.39,-3.93,2.84,1.0,11.02,14.91,8.0,5.46
WFE,2025-11-19,52.77,84.59,58.22,80.58,-5.45,4.01,1.0,9.73,15.23,13.29,9.11
WFE,2025-11-20,52.93,88.05,62.1,81.91,-9.17,6.14,1.0,7.9,17.08,14.74,8.12
WFE,2025-11-21,54.5,90.13,63.72,80.87,-9.22,9.26,1.0,6.67,15.9,14.41,4.64
WFE,2025-11-22,52.29,91.82,59.05,81.58,-6.76,10.24,1.0,8.02,15.02,12.94,3.27
WFE,2025-11-23,51.17,93.39,58.06,82.84,-6.89,10.55,1.0,7.64,14.7,11.78,2.38
WFE,2025-11-24,50.01,94.14,60.14,82.21,-10.12,11.93,1.0,8.56,18.63,10.9,0.38
WFE,2025-11-25,55.6,95.01,62.62,82.98,-7.02,12.02,1.0,4.28,11.2,7.29,-0.51
WFE,2025-11-26,50.38,95.48,67.02,79.65,-16.64,15.83,1.0,11.06,27.77,4.82,-2.1
WFE,2025-11-27,42.71,95.31,60.74,75.91,-18.03,19.4,1.0,11.7,30.26,4.68,-4.61
WFE,2025-11-28,38.62,94.59,51.43,79.57,-12.81,15.02,1.0,10.88,24.01,2.93,-1.37
WFE,2025-11-29,38.5,94.19,46.44,80.09,-7.94,14.09,1.0,10.27,17.93,2.46,-1.08
WFE,2025-11-30,38.57,94.68,45.58,81.57,-7.01,13.11,1.0,9.19,16.4,3.21,0.79
WFE,2025-12-01,35.91,94.34,42.49,81.94,-6.58,12.41,1.0,10.31,16.74,3.05,0.33
WFE,2025-12-02,36.96,94.34,43.78,82.43,-6.82,11.91,1.0,9.5,16.29,2.89,0.73
WFE,2025-12-03,34.77,94.49,42.0,82.12,-7.24,12.38,1.0,10.61,17.73,3.37,0.08
WFE,2025-12-04,35.91,94.79,43.57,82.92,-7.66,11.86,1.0,9.86,17.56,3.09,0.35
WFE,2025-12-05,33.09,94.7,40.6,82.05,-7.51,12.64,1.0,10.9,18.25,2.85,-1.15
WFE,2025-12-06,38.97,95.97,46.22,83.24,-7.25,12.73,1.0,9.08,15.77,2.1,-1.13
WFE,2025-12-07,40.52,95.89,46.73,82.81,-6.21,13.09,1.0,8.15,13.99,1.16,-1.83
WFE,2025-12-08,36.94,95.59,44.97,82.29,-8.03,13.29,1.0,8.82,18.24,2.65,-1.31
WGC,2025-11-08,66.74,66.74,64.26,67.34,2.48,-0.6,1.0,12.01,9.47,4.21,4.91
WGC,2025-11-09,64.53,70.16,58.94,72.47,5.6,-2.31,1.0,24.21,18.75,2.89,5.19
WGC,2025-11-10,50.54,69.66,46.78,73.71,3.76,-4.05,1.0,21.63,17.79,1.9,5.97
WGC,2025-11-11,46.09,70.5,44.27,74.53,1.82,-4.04,1.0,16.54,14.74,0.91,4.96
WGC,2025-11-12,49.12,73.59,48.21,75.85,0.91,-2.27,1.0,9.04,8.32,1.07,3.4
WGC,2025-11-13,52.56,74.78,51.74,76.55,0.82,-1.77,1.0,9.57,8.86,1.54,3.81
WGC,2025-11-14,62.38,76.56,60.59,77.47,1.78,-0.91,1.0,11.65,9.91,2.16,3.55
WGC,2025-11-15,80.8,73.36,74.99,77.23,5.81,-3.87,1.0,20.55,14.77,-2.51,1.65
WGC,2025-11-16,72.57,66.0,66.87,74.66,5.7,-8.66,1.0,25.96,20.43,-6.87,2.98
WGC,2025-11-17,60.16,69.44,56.34,73.61,3.82,-4.17,1.0,20.12,16.35,-1.13,4.22
WGC,2025-11-18,57.86,75.39,54.82,77.6,3.04,-2.21,1.0,14.95,11.86,5.17,7.67
WGC,2025-11-19,58.22,80.58,55.25,85.42,2.97,-4.84,1.0,15.18,12.26,9.27,13.94
WGC,2025-11-20,62.1,81.91,59.64,86.51,2.47,-4.6,1.0,17.07,14.61,8.6,12.72
WGC,2025-11-21,63.72,80.87,61.69,87.32,2.04,-6.46,1.0,15.89,13.86,5.15,11.1
WGC,2025-11-22,59.05,81.58,56.44,89.19,2.61,-7.61,1.0,14.78,12.41,2.7,10.88
WGC,2025-11-23,58.06,82.84,54.53,90.15,3.52,-7.31,1.0,14.53,11.18,1.23,9.69
WGC,2025-11-24,60.14,82.21,54.43,91.03,5.71,-8.82,1.0,18.69,12.92,-1.03,9.19
WGC,2025-11-25,62.62,82.98,58.43,92.42,4.19,-9.43,1.0,11.3,7.01,-4.73,8.92
WGC,2025-11-26,67.02,79.65,57.36,91.37,9.67,-11.72,1.0,27.7,18.1,-11.01,9.62
WGC,2025-11-27,60.74,75.91,48.65,90.85,12.09,-14.94,1.0,29.73,18.17,-14.72,10.33
WGC,2025-11-28,51.43,79.57,43.22,90.72,8.21,-11.15,1.0,23.69,15.8,-12.09,9.78
WGC,2025-11-29,46.44,80.09,42.25,90.81,4.19,-10.72,1.0,18.21,13.74,-11.63,9.64
WGC,2025-11-30,45.58,81.57,42.04,90.78,3.54,-9.21,1.0,16.2,12.85,-9.9,10.0
WGC,2025-12-01,42.49,81.94,39.11,90.3,3.38,-8.37,1.0,16.89,13.36,-9.36,8.69
WGC,2025-12-02,43.78,82.43,40.57,90.32,3.21,-7.89,1.0,16.32,13.09,-9.02,8.62
WGC,2025-12-03,42.0,82.12,38.78,89.85,3.22,-7.73,1.0,17.85,14.5,-9.01,7.81
WGC,2025-12-04,43.57,82.92,39.74,89.65,3.83,-6.72,1.0,17.52,13.74,-8.77,7.08
WGC,2025-12-05,40.6,82.05,36.52,89.06,4.08,-7.01,1.0,18.4,14.17,-9.79,5.86
WGC,2025-12-06,46.22,83.24,42.68,89.42,3.54,-6.18,1.0,16.33,12.23,-10.63,5.05
WGC,2025-12-07,46.73,82.81,43.21,89.32,3.52,-6.51,1.0,14.37,10.46,-11.93,4.68
WGC,2025-12-08,44.5,82.19,40.19,88.13,4.78,-5.84,1.0,17.05,13.46,-10.87,4.52
WGE,2025-11-08,64.26,67.34,60.84,61.92,3.42,5.42,1.0,9.53,6.05,4.81,-0.51
WGE,2025-11-09,58.94,72.47,55.9,72.45,3.04,0.02,1.0,18.62,15.71,5.21,5.16
WGE,2025-11-10,46.78,73.71,46.4,74.75,0.38,-1.04,1.0,17.87,17.41,5.95,7.0
WGE,2025-11-11,44.27,74.53,42.75,75.95,1.52,-1.42,1.0,14.73,13.22,4.95,6.38
WGE,2025-11-12,48.21,75.85,45.14,78.33,3.07,-2.48,1.0,8.14,5.25,3.34,5.88
WGE,2025-11-13,51.74,76.55,48.33,80.12,3.41,-3.57,1.0,8.75,5.44,3.31,7.38
WGE,2025-11-14,60.59,77.47,55.91,81.35,4.69,-3.88,1.0,9.87,5.22,3.07,7.43
WGE,2025-11-15,74.99,77.23,67.31,80.49,7.68,-3.25,1.0,14.74,7.09,1.36,4.91
WGE,2025-11-16,66.87,74.66,64.43,75.78,2.44,-1.12,1.0,20.26,17.99,1.79,4.1
WGE,2025-11-17,56.34,73.61,57.99,74.51,-1.64,-0.91,1.0,16.3,17.99,3.04,5.13
WGE,2025-11-18,54.82,77.6,54.58,78.54,0.24,-0.93,1.0,11.91,11.62,7.38,8.6
WGE,2025-11-19,55.25,85.42,53.08,97.35,2.17,-11.93,1.0,12.21,10.09,14.11,25.88
WGE,2025-11-20,59.64,86.51,55.98,99.41,3.65,-12.9,1.0,14.6,10.96,13.19,25.62
WGE,2025-11-21,61.69,87.32,57.68,99.9,4.01,-12.58,1.0,13.85,9.86,11.61,23.67
WGE,2025-11-22,56.44,89.19,55.96,99.9,0.48,-10.71,1.0,12.17,11.93,10.32,21.58
WGE,2025-11-23,54.53,90.15,49.91,99.9,4.62,-9.75,1.0,11.01,6.56,8.54,19.44
WGE,2025-11-24,54.43,91.03,40.22,99.9,14.2,-8.87,1.0,12.98,-1.29,7.79,18.07
WGE,2025-11-25,58.43,92.42,40.66,99.9,17.78,-7.48,1.0,7.11,-10.77,4.7,16.4
WGE,2025-11-26,57.36,91.37,39.6,99.9,17.76,-8.53,1.0,18.04,0.34,0.71,18.15
WGE,2025-11-27,48.65,90.85,39.75,99.9,8.9,-9.05,1.0,17.64,9.27,0.22,19.38
WGE,2025-11-28,43.22,90.72,37.62,99.9,5.6,-9.18,1.0,15.48,10.21,-0.94,18.96
WGE,2025-11-29,42.25,90.81,40.24,99.9,2.02,-9.09,1.0,14.02,11.72,-0.91,18.73
WGE,2025-11-30,42.04,90.78,42.44,99.9,-0.4,-9.12,1.0,12.66,13.25,-0.69,19.12
WGE,2025-12-01,39.11,90.3,41.16,99.9,-2.05,-9.6,1.0,13.51,15.4,-1.0,18.29
WGE,2025-12-02,40.57,90.32,39.87,99.9,0.7,-9.58,1.0,13.11,12.38,-1.12,18.2
WGE,2025-12-03,38.78,89.85,43.53,99.9,-4.75,-10.05,1.0,14.62,19.25,-1.28,17.86
WGE,2025-12-04,39.74,89.65,41.98,99.9,-2.24,-10.25,1.0,13.7,15.97,-2.05,17.32
WGE,2025-12-05,36.52,89.06,41.35,99.83,-4.83,-10.77,1.0,14.32,19.0,-2.78,16.63
WGE,2025-12-06,42.68,89.42,40.82,99.65,1.86,-10.23,1.0,12.79,10.37,-4.45,15.28
WGE,2025-12-07,43.21,89.32,35.35,97.11,7.86,-7.79,1.0,10.84,2.6,-5.41,12.47
WGE,2025-12-08,40.19,88.13,31.5,95.97,8.69,-7.84,1.0,12.07,4.76,-4.81,12.36
WHC,2025-11-08,60.84,61.92,59.53,70.05,1.31,-8.14,1.0,6.11,4.74,-0.62,7.62
WHC,2025-11-09,55.9,72.45,51.77,83.11,4.13,-10.66,1.0,15.58,11.59,5.18,15.83
WHC,2025-11-10,46.4,74.75,43.5,85.02,2.9,-10.27,1.0,17.49,14.51,6.99,17.28
WHC,2025-11-11,42.75,75.95,41.15,85.57,1.6,-9.62,1.0,13.21,11.61,6.37,16.0
WHC,2025-11-12,45.14,78.33,45.23,88.89,-0.09,-10.56,1.0,5.06,5.34,5.82,16.44
WHC,2025-11-13,48.33,80.12,48.47,90.18,-0.15,-10.06,1.0,5.34,5.59,6.88,17.44
WHC,2025-11-14,55.91,81.35,55.89,90.46,0.02,-9.11,1.0,5.18,5.2,6.95,16.54
WHC,2025-11-15,67.31,80.49,65.41,88.54,1.9,-8.05,1.0,7.06,5.2,4.61,12.96
WHC,2025-11-16,64.43,75.78,59.08,83.65,5.35,-7.87,1.0,17.82,12.65,2.91,11.96
WHC,2025-11-17,57.99,74.51,53.27,81.2,4.72,-6.68,1.0,17.94,13.28,3.94,11.81
WHC,2025-11-18,54.58,78.54,52.28,85.64,2.3,-7.1,1.0,11.66,9.32,8.31,15.71
WHC,2025-11-19,53.08,97.35,51.75,90.09,1.33,7.26,1.0,10.04,8.76,26.04,18.62
WHC,2025-11-20,55.98,99.41,54.23,90.88,1.76,8.52,1.0,10.95,9.2,26.09,17.09
WHC,2025-11-21,57.68,99.9,55.93,92.0,1.75,7.9,1.0,9.85,8.11,24.18,15.77
WHC,2025-11-22,55.96,99.9,53.11,92.45,2.85,7.45,1.0,11.69,9.08,21.02,14.14
WHC,2025-11-23,53.09,99.9,51.5,92.58,1.58,7.32,1.0,9.4,7.96,18.34,12.06
WHC,2025-11-30,40.88,99.9,51.37,91.96,-10.49,7.94,1.0,-0.42,10.24,18.16,11.71
WHC,2025-12-01,40.19,99.9,50.93,92.81,-10.75,7.09,1.0,-2.31,8.38,16.43,10.74
WHC,2025-12-02,40.65,99.9,56.12,94.12,-15.47,5.78,1.0,-11.0,4.35,11.54,10.5
WHC,2025-12-03,39.55,99.9,50.17,91.91,-10.62,7.99,1.0,2.07,12.77,9.26,10.47
WHC,2025-12-04,39.66,99.9,42.44,91.58,-2.78,8.32,1.0,8.79,12.12,9.24,11.05
WHC,2025-12-05,37.62,99.9,38.9,91.29,-1.29,8.61,1.0,10.53,12.09,8.22,10.31
WHC,2025-12-06,40.56,99.9,39.04,90.97,1.52,8.93,1.0,11.51,9.68,8.1,9.7
WHC,2025-12-07,42.48,99.9,39.59,90.6,2.89,9.3,1.0,13.76,11.12,8.57,9.92
WHC,2025-12-08,40.89,99.9,38.93,90.04,1.96,9.86,1.0,14.9,12.77,8.52,8.32
WHC,2025-12-09,40.04,99.9,39.89,90.42,0.15,9.48,1.0,13.18,13.02,8.57,8.81
WHC,2025-12-10,43.69,99.9,38.64,88.96,5.05,10.94,1.0,19.05,13.85,8.63,6.75
WHC,2025-12-11,41.77,99.87,38.02,90.98,3.75,8.89,1.0,16.54,12.85,8.3,8.52
WHC,2025-12-12,41.4,99.85,36.68,90.27,4.72,9.58,1.0,18.53,13.63,7.81,6.87
WHC,2025-12-13,40.57,99.53,40.92,92.05,-0.34,7.48,1.0,10.15,9.98,5.53,7.65
WHC,2025-12-14,34.77,96.86,42.33,93.06,-7.55,3.81,1.0,2.46,9.69,2.15,8.47
WHC,2025-12-15,32.08,96.65,39.48,91.73,-7.4,4.92,1.0,5.51,13.97,3.66,8.04
WHC,2025-12-16,36.5,98.68,40.27,92.08,-3.77,6.59,1.0,6.49,9.14,3.15,6.31
WHC,2025-12-17,41.76,99.67,43.59,93.79,-1.84,5.88,1.0,6.76,7.84,2.54,8.14
WHC,2025-12-18,46.0,99.82,41.37,93.37,2.73,6.4,1.0,15.51,11.2,4.47,8.06
WHE,2025-11-08,59.53,70.05,61.98,65.66,-2.45,4.39,1.0,4.8,7.2,7.52,3.23
WHE,2025-11-09,51.77,83.11,57.84,73.84,-6.06,9.28,1.0,11.45,17.65,15.85,6.55
WHE,2025-11-10,43.5,85.02,49.57,76.23,-6.07,8.79,1.0,14.59,20.58,17.26,8.48
WHE,2025-11-11,41.15,85.57,46.84,76.35,-5.69,9.22,1.0,11.6,17.31,15.98,6.78
WHE,2025-11-12,45.23,88.89,49.4,77.44,-4.16,11.46,1.0,5.16,9.5,16.38,4.98
WHE,2025-11-13,48.47,90.18,52.73,78.72,-4.25,11.46,1.0,5.48,9.84,16.94,5.98
WHE,2025-11-14,55.89,90.46,60.39,80.26,-4.51,10.2,1.0,5.16,9.71,16.07,6.34
WHE,2025-11-15,65.41,88.54,71.16,77.17,-5.74,11.37,1.0,5.17,10.94,12.67,1.59
WHE,2025-11-16,59.08,83.65,64.96,70.38,-5.88,13.27,1.0,12.48,18.53,10.78,-1.3
WHE,2025-11-17,53.27,81.2,58.13,74.41,-4.86,6.79,1.0,13.23,18.14,10.62,5.03
WHE,2025-11-18,52.28,85.64,55.14,77.29,-2.86,8.34,1.0,9.37,12.19,15.41,7.36
WHE,2025-11-19,51.75,90.09,54.55,79.47,-2.8,10.62,1.0,8.71,11.56,18.79,8.0
WHE,2025-11-20,54.23,90.88,55.18,80.6,-0.95,10.28,1.0,9.19,10.16,17.57,6.81
WHE,2025-11-21,55.93,92.0,57.82,82.35,-1.89,9.65,1.0,8.1,10.0,16.28,6.12
WHE,2025-11-22,53.11,92.45,57.37,83.14,-4.25,9.31,1.0,8.84,13.34,13.58,4.83
WHE,2025-11-23,51.64,92.47,56.86,83.52,-5.23,8.96,1.0,8.11,13.51,10.86,3.06
WHE,2025-11-24,50.62,92.61,56.61,84.44,-5.99,8.16,1.0,9.17,15.1,9.37,2.61
WHE,2025-11-25,55.68,94.14,59.64,83.67,-3.97,10.47,1.0,4.36,8.22,6.42,0.18
WHE,2025-11-26,51.36,92.05,58.26,80.76,-6.89,11.28,1.0,12.04,19.0,1.39,-0.99
WHE,2025-11-27,42.81,91.59,51.6,82.21,-8.79,9.38,1.0,11.8,21.12,0.96,1.69
WHE,2025-11-28,39.25,91.38,48.26,82.14,-9.01,9.24,1.0,11.51,20.84,-0.28,1.2
WHE,2025-11-29,38.77,90.92,47.42,81.79,-8.65,9.13,1.0,10.54,18.9,-0.8,0.62
WHE,2025-11-30,39.73,90.72,47.78,81.27,-8.05,9.45,1.0,10.35,18.6,-0.75,0.5
WHE,2025-12-01,38.81,89.95,45.89,79.04,-7.08,10.91,1.0,13.21,20.14,-1.35,-2.56
WHE,2025-12-02,39.94,90.61,46.69,79.06,-6.76,11.55,1.0,12.47,19.21,-0.83,-2.64
WHE,2025-12-03,38.67,88.79,45.76,78.9,-7.09,9.9,1.0,14.51,21.48,-2.33,-3.14
WHE,2025-12-04,38.31,91.09,45.79,79.0,-7.48,12.09,1.0,12.27,19.79,-0.61,-3.57
WHE,2025-12-05,36.47,90.13,44.03,78.15,-7.56,11.98,1.0,14.27,21.68,-1.72,-5.05
WHE,2025-12-06,40.57,91.93,48.51,79.14,-7.93,12.79,1.0,10.68,18.06,-1.94,-5.24
WHE,2025-12-07,42.37,92.94,49.34,80.24,-6.98,12.7,1.0,10.01,16.6,-1.79,-4.4
WHE,2025-12-08,39.79,91.99,46.13,80.04,-6.34,11.95,1.0,12.34,19.8,-1.07,-3.61
WHE,2025-12-09,39.76,91.8,45.96,81.08,-6.2,10.71,1.0,11.04,16.24,-3.37,-4.45
WHE,2025-12-10,43.76,93.79,49.56,82.83,-5.8,10.96,1.0,8.34,13.26,-3.42,-2.96
WHE,2025-12-11,41.41,93.37,47.29,82.92,-5.88,10.46,1.0,10.51,17.02,-2.1,-2.32
WIC,2025-11-08,61.98,65.66,60.97,69.66,1.01,-4.0,1.0,7.26,6.18,3.13,7.23
WIC,2025-11-09,57.84,73.84,53.51,76.71,4.32,-2.87,1.0,17.52,13.33,6.57,9.42
WIC,2025-11-10,49.57,76.23,44.16,79.46,5.41,-3.23,1.0,20.66,15.17,8.46,11.71
WIC,2025-11-11,46.84,76.35,42.82,80.58,4.02,-4.23,1.0,17.3,13.29,6.76,11.01
WIC,2025-11-12,49.4,77.44,47.45,83.54,1.94,-6.11,1.0,9.32,7.56,4.92,11.09
WIC,2025-11-13,52.73,78.72,51.22,84.43,1.51,-5.71,1.0,9.74,8.34,5.48,11.69
WIC,2025-11-14,60.39,80.26,59.21,84.83,1.18,-4.57,1.0,9.67,8.53,5.87,10.91
WIC,2025-11-15,71.16,77.17,68.38,80.01,2.78,-2.84,1.0,10.91,8.16,1.3,4.43
WIC,2025-11-16,64.96,70.38,59.14,73.34,5.83,-2.96,1.0,18.36,12.7,-2.49,1.65
WIC,2025-11-17,58.13,74.41,52.68,77.3,5.45,-2.89,1.0,18.09,12.68,3.84,7.92
WIC,2025-11-18,55.14,77.29,51.64,81.25,3.5,-3.96,1.0,12.23,8.69,7.07,11.32
WIC,2025-11-19,54.55,79.47,51.08,84.73,3.47,-5.26,1.0,11.5,8.09,8.17,13.25
WIC,2025-11-20,55.18,80.6,52.72,86.87,2.46,-6.27,1.0,10.15,7.69,7.29,13.09
WIC,2025-11-21,57.82,82.35,55.79,88.11,2.03,-5.76,1.0,9.99,7.96,6.63,11.89
WIC,2025-11-22,57.37,83.14,53.79,88.77,3.57,-5.62,1.0,13.1,9.76,4.27,10.45
WIC,2025-11-23,56.86,83.52,53.52,90.24,3.34,-6.72,1.0,13.34,10.17,1.91,9.78
WIC,2025-11-24,56.61,84.44,53.05,91.57,3.55,-7.12,1.0,15.16,11.55,1.2,9.73
WIC,2025-11-25,59.64,83.67,57.93,92.28,1.71,-8.6,1.0,8.32,6.51,-4.04,8.78
WIC,2025-11-26,58.26,80.76,53.24,91.17,5.02,-10.4,1.0,18.93,13.98,-9.89,9.41
WIC,2025-11-27,51.6,82.21,46.08,93.41,5.52,-11.2,1.0,20.59,15.6,-8.42,12.89
WIC,2025-11-28,48.26,82.14,42.77,92.76,5.49,-10.62,1.0,20.52,15.35,-9.52,11.82
WIC,2025-11-29,47.42,81.8,42.95,91.53,4.47,-9.73,1.0,19.22,14.47,-9.92,10.36
WIC,2025-11-30,47.8,81.28,43.51,92.14,4.29,-10.86,1.0,18.35,14.26,-10.2,11.35
WIC,2025-12-01,45.88,79.06,41.36,90.17,4.52,-11.11,1.0,20.32,15.64,-12.23,8.58
WIC,2025-12-02,46.7,79.06,42.26,89.71,4.44,-10.65,1.0,19.18,14.71,-12.39,8.0
WIC,2025-12-03,45.75,78.89,40.96,89.07,4.79,-10.18,1.0,21.64,16.73,-12.23,7.05
WIC,2025-12-04,45.82,79.01,41.3,88.62,4.52,-9.61,1.0,19.7,15.22,-12.7,6.04
WIC,2025-12-05,44.02,78.15,39.66,88.33,4.36,-10.18,1.0,21.88,17.37,-13.68,5.15
WIC,2025-12-06,48.45,79.12,45.27,90.19,3.17,-11.07,1.0,18.61,14.88,-14.73,5.82
WIC,2025-12-07,49.37,80.22,45.88,90.69,3.49,-10.47,1.0,17.0,13.13,-14.51,6.05
WIC,2025-12-08,46.18,80.07,41.97,89.32,4.72,-9.02,1.0,18.64,15.24,-13.01,5.73